Rate,Weight,Time,ell,p
0.01,0.0050100000000000006,3.607400993043166e-05,9.69228341e-07,1.15024572e-07
0.011,0.0055049999999999995,4.36514500476743e-05,1.24583634e-06,1.47608026e-07
0.012,0.006,5.195514593380646e-05,2.15886178e-06,2.05559912e-07
0.013,0.006495,6.0976269491459374e-05,2.30538722e-06,2.37985397e-07
0.014,0.0069900000000000006,7.071845691296479e-05,2.67227438e-06,3.15070447e-07
0.015,0.0074849999999999995,8.118679705272103e-05,3.44286669e-06,4.18944857e-07
0.016,0.007980000000000001,9.23769203904175e-05,4.06205054e-06,5.0258587e-07
0.017,0.008475000000000002,0.0001042876645784504,4.3651583e-06,5.55921284e-07
0.018,0.008969999999999999,0.00011692626408782547,4.56949782e-06,5.84519189e-07
0.019,0.009465,0.0001302820797478641,5.83610563e-06,7.75816232e-07
0.02,0.00996,0.00014436546281675988,6.50198832e-06,8.67521573e-07
0.021,0.010455,0.00015917187521860866,7.51063675e-06,1.01578484e-06
0.022,0.01095,0.00017470316031183,8.66739099e-06,1.18064637e-06
0.023,0.011445,0.00019095937551924595,9.30905373e-06,1.27144988e-06
0.024,0.011940000000000001,0.00020793802026287836,1.10071058e-05,1.52506488e-06
0.025,0.012435000000000002,0.00022564264967233824,1.17078042e-05,1.63104992e-06
0.026,0.01293,0.00024407152514267005,1.3475185e-05,1.89409678e-06
0.027,0.013425000000000001,0.0002632263262760757,1.4909033e-05,2.10865044e-06
0.028,0.013920000000000002,0.0002831073102836021,1.67740782e-05,2.38828941e-06
0.029,0.014415000000000002,0.00030371386171174335,1.83436658e-05,2.6218952e-06
0.03,0.014910000000000001,0.0003250430338941393,2.01298864e-05,2.91958769e-06
0.031,0.015403000000000002,0.0003471029860253707,2.11224478e-05,3.0602919e-06
0.032,0.015896,0.00036988619354979657,2.30471684e-05,3.36902999e-06
0.033,0.016389,0.0003933962907234833,2.53303379e-05,3.73433919e-06
0.034,0.016882,0.0004176362789655643,2.80931673e-05,4.1668572e-06
0.035,0.017375,0.0004426047285116407,3.13954657e-05,4.71412706e-06
0.036,0.017868,0.0004682962343802853,3.14570713e-05,4.70347933e-06
0.037,0.018361,0.0004947157124065181,3.53514169e-05,5.35080816e-06
0.038,0.018854,0.0005218651842040907,3.75191146e-05,5.69985092e-06
0.039,0.019347,0.000549746262912479,3.98181856e-05,6.05831655e-06
0.04,0.01984,0.0005783526153652722,4.27810657e-05,6.55377652e-06
0.041,0.020331000000000002,0.0006076876735997381,4.61432794e-05,7.1265886e-06
0.042,0.020822000000000004,0.0006377556960297504,4.76810042e-05,7.36791894e-06
0.043,0.021313,0.0006685517857892864,5.16760962e-05,8.03617913e-06
0.044,0.021804,0.0007000766687543106,5.4813894e-05,8.57310074e-06
0.045,0.022295,0.0007323346861091395,5.84445554e-05,9.18477018e-06
0.046,0.022786,0.0007653215967385466,6.16796694e-05,9.7401586e-06
0.047,0.023277000000000003,0.0007990484863549022,6.30678304e-05,9.95449961e-06
0.048,0.023768,0.0008334951607585934,6.97598798e-05,1.11177254e-05
0.049,0.024259000000000003,0.0008686796360149855,7.16921047e-05,1.14385668e-05
0.05,0.02475,0.0009046013804315761,7.80020895e-05,1.25140718e-05
0.051,0.025238999999999998,0.0009412487697705495,8.11433214e-05,1.30578734e-05
0.052,0.025727999999999997,0.000978627474254421,8.56316671e-05,1.38606627e-05
0.053,0.026217,0.0010167383343411534,9.06818985e-05,1.4779838e-05
0.054,0.026706,0.0010555875850657803,9.35194152e-05,1.52652107e-05
0.055,0.027195,0.0010951731960446376,9.96683081e-05,1.63594214e-05
0.056,0.027684,0.0011355035073877975,0.000102063361,1.671972e-05
0.057,0.028173,0.001176546232716941,0.000108556328,1.79324672e-05
0.058,0.028662000000000003,0.0012183329820572742,0.000112408543,1.86278137e-05
0.059,0.029151,0.0012608601977975884,0.000117630339,1.95590314e-05
0.06,0.02964,0.0013041223599888972,0.000121984298,2.03421384e-05
0.061,0.030127,0.001348121930438302,0.000129347468,2.16792486e-05
0.062,0.030614000000000002,0.001392858113792987,0.000136138227,2.29284599e-05
0.063,0.031101000000000004,0.0014383367262831225,0.000139798208,2.35566475e-05
0.064,0.031588000000000005,0.0014845390764173091,0.000147808371,2.50857476e-05
0.065,0.032075000000000006,0.001531491792756542,0.000150931887,2.56248338e-05
0.066,0.03256200000000001,0.0015791799907816809,0.000160452213,2.74202337e-05
0.067,0.03304900000000001,0.0016276091492908769,0.000166656195,2.85675824e-05
0.068,0.033536,0.0016767861274253131,0.000171420441,2.93993668e-05
0.069,0.034023000000000005,0.001726685891474481,0.000179566268,3.09760747e-05
0.07,0.034510000000000006,0.0017773340885671716,0.000186207436,3.22253351e-05
0.071,0.035003,0.0018287299948571841,0.00019376178,3.36402531e-05
0.072,0.035496,0.0018808585505879333,0.000197396905,3.43055943e-05
0.073,0.03598899999999999,0.0019337351038698997,0.000206529295,3.60472868e-05
0.074,0.036481999999999994,0.0019873507371010396,0.000212596919,3.71950863e-05
0.075,0.036974999999999994,0.0020417081547405114,0.000220308899,3.86790639e-05
0.076,0.037467999999999994,0.002096814466038361,0.000228522183,4.02479781e-05
0.077,0.037960999999999995,0.0021526667593923677,0.000231420162,4.0764293e-05
0.078,0.038453999999999995,0.0022092531095794623,0.000242533592,4.29344175e-05
0.079,0.038946999999999996,0.002266597063858204,0.000254694231,4.53052759e-05
0.08,0.039439999999999996,0.002324674927173126,0.000258065674,4.59300905e-05
0.081,0.039923999999999994,0.002383501051660829,0.000268169191,4.79076415e-05
0.082,0.040408,0.002443081464762735,0.000278148392,4.98503809e-05
0.083,0.040892,0.0025034042575738853,0.000289660788,5.21432962e-05
0.084,0.041376,0.0025644779083759286,0.000295287504,5.31861185e-05
0.085,0.04186,0.0026262878222599283,0.000301296357,5.43665557e-05
0.086,0.04234399999999999,0.002688854225377345,0.000315210698,5.71592182e-05
0.087,0.042828,0.0027521707846590786,0.000319813675,5.80138693e-05
0.088,0.043311999999999996,0.0028162347344618402,0.000332172134,6.04926288e-05
0.089,0.043796,0.0028810483183724675,0.000342404061,6.25386087e-05
0.09,0.04428,0.0029466153537270182,0.000351284859,6.4293182e-05
0.091,0.044772,0.0030129309321383605,0.000362248479,6.65025262e-05
0.092,0.045264,0.0030800006092564997,0.000373158815,6.86979983e-05
0.093,0.045756000000000005,0.0031478230099367733,0.000383387751,7.07493181e-05
0.094,0.046248000000000004,0.0032163932259420326,0.000393753486,7.28484886e-05
0.095,0.046740000000000004,0.003285719819856503,0.00040443907,7.50098463e-05
0.096,0.047232,0.003355798990172924,0.00041485111,7.7118961e-05
0.097,0.047724,0.0034266370044981134,0.000424978487,7.91560781e-05
0.098,0.04821600000000001,0.003498226013676691,0.000431212336,8.03813542e-05
0.099,0.04870800000000001,0.0035705655162022844,0.000446892882,8.36367076e-05
0.1,0.04920000000000001,0.0036436686486405103,0.000463201833,8.70393158e-05
0.101,0.049681,0.0037175228798235816,0.000469502947,8.82695495e-05
0.102,0.050162,0.003792139865716392,0.000481261914,9.06828754e-05
0.103,0.050643,0.003867515213317209,0.000491000868,9.26607984e-05
0.104,0.051123999999999996,0.003943643294371802,0.000506642867,9.59411433e-05
0.105,0.051605,0.004020533706573783,0.000520042674,9.87322651e-05
0.106,0.052086,0.004098190747254016,0.00053664,0.00010223
0.107,0.052566999999999996,0.004176592616932234,0.00054273,0.00010342
0.108,0.053048,0.004255766500532134,0.00055205,0.00010532
0.109,0.053529,0.004335696489414259,0.00056561,0.00010816
0.11,0.05401,0.0044163882558579315,0.00058367,0.00011201
0.111,0.054489,0.004497842211124726,0.00059793,0.00011502
0.112,0.054968,0.004580068908863613,0.00060657,0.00011676
0.113,0.055447,0.0046630432943587955,0.00062251,0.00012017
0.114,0.055926000000000003,0.004746790962686912,0.00063795,0.00012345
0.115,0.056405000000000004,0.004831298186571662,0.00065105,0.00012622
0.116,0.056884000000000004,0.004916577980819223,0.00066355,0.00012886
0.117,0.057363000000000004,0.005002618261824322,0.00067694,0.00013169
0.118,0.057842,0.005089427082052655,0.00069344,0.00013524
0.119,0.058321,0.005177001766725683,0.00070462,0.00013759
0.12,0.0588,0.005265344819229194,0.00072092,0.0001411
0.121,0.059277,0.005354455998734015,0.00074092,0.00014546
0.122,0.059754,0.005444337699960871,0.00075586,0.00014867
0.123,0.060231,0.0055349873161949685,0.00076968,0.00015163
0.124,0.060708000000000005,0.005626406910005463,0.00078501,0.00015495
0.125,0.061185,0.005718600355450296,0.00080091,0.00015839
0.126,0.061662,0.005811565449732792,0.00081384,0.00016115
0.127,0.06213900000000001,0.005905298136228974,0.00083397,0.00016559
0.128,0.062616,0.005999807969380845,0.00085301,0.00016978
0.129,0.06309300000000001,0.0060950876759515256,0.00086551,0.00017245
0.13,0.06357000000000002,0.006191143531939748,0.00088434,0.00017661
0.131,0.064059,0.006287975720252894,0.00089767,0.00017948
0.132,0.06454800000000001,0.0063855858614834515,0.00091482,0.00018325
0.133,0.065037,0.006483969181693231,0.00093007,0.00018659
0.134,0.065526,0.006583129592843299,0.00095239,0.00019159
0.135,0.066015,0.006683067915065964,0.00096704,0.00019479
0.136,0.06650400000000001,0.006783786210683751,0.00098972,0.00019989
0.137,0.06699300000000001,0.006885278743734225,0.00100055,0.0002022
0.138,0.067482,0.00698755292347979,0.00101975,0.00020649
0.139,0.067971,0.00709060907376672,0.00103979,0.00021098
0.14,0.06846000000000001,0.007194440689767165,0.00105505,0.00021435
0.141,0.068934,0.0072990577134287,0.00107435,0.00021867
0.142,0.069408,0.007404457251550847,0.00109564,0.00022347
0.143,0.069882,0.007510642264876899,0.00110921,0.00022643
0.144,0.070356,0.007617605210943646,0.00112904,0.0002309
0.145,0.07083,0.007725354230457335,0.00114875,0.00023534
0.146,0.071304,0.007833886612890886,0.00117096,0.00024039
0.147,0.07177800000000001,0.007943206384418897,0.00119196,0.00024515
0.148,0.07225200000000001,0.008053313784840168,0.00121211,0.00024971
0.149,0.07272600000000001,0.008164205843127891,0.00122981,0.0002537
0.15,0.0732,0.0082758899847835,0.00124598,0.0002573
0.151,0.073688,0.008388357603827697,0.00127135,0.00026316
0.152,0.074176,0.008501617691374678,0.00129439,0.00026845
0.153,0.074664,0.00861566805298742,0.0013117,0.00027236
0.154,0.075152,0.008730508962552987,0.00133366,0.0002774
0.155,0.07564,0.008846139390900624,0.00135811,0.00028307
0.156,0.076128,0.00896256214337656,0.00137659,0.00028728
0.157,0.076616,0.00907977841840129,0.0014016,0.00029309
0.158,0.07710399999999999,0.009197789636400552,0.00142685,0.00029897
0.159,0.077592,0.009316592055832617,0.00144586,0.00030332
0.16,0.07808,0.009436188958421785,0.0014678,0.0003084
0.161,0.078551,0.009556588293187123,0.00147981,0.00031102
0.162,0.079022,0.009677778729207233,0.00150568,0.00031707
0.163,0.079493,0.009799765911671185,0.00153259,0.00032338
0.164,0.079964,0.009922556455602109,0.00155274,0.00032802
0.165,0.08043499999999999,0.010046139332059263,0.0015751,0.00033322
0.166,0.080906,0.010170523912378621,0.00160151,0.00033943
0.167,0.081377,0.01029571023686579,0.00162663,0.00034533
0.168,0.081848,0.010421695983564766,0.00164877,0.00035049
0.169,0.082319,0.010548487823426905,0.00167943,0.00035779
0.17,0.08279,0.010676074702193271,0.00169864,0.00036223
0.171,0.083277,0.010804471943019912,0.00172725,0.00036905
0.172,0.08376399999999999,0.010933667104138189,0.00174445,0.00037299
0.173,0.08425099999999999,0.011063669655960803,0.00176993,0.00037903
0.174,0.084738,0.011194478129381642,0.00179594,0.00038521
0.175,0.085225,0.011326094475014759,0.00182128,0.00039123
0.176,0.08571199999999998,0.01145851606157108,0.00184862,0.00039776
0.177,0.08619899999999998,0.01159174294714644,0.00187057,0.00040293
0.178,0.08668599999999999,0.011725780863836474,0.00189511,0.00040876
0.179,0.08717299999999999,0.011860629693070363,0.0019126,0.0004128
0.18,0.08765999999999999,0.011996284565343672,0.00194265,0.00042005
0.181,0.08812799999999998,0.01213275600497618,0.00197226,0.00042718
0.182,0.088596,0.012270045268427628,0.00200431,0.00043494
0.183,0.08906399999999999,0.012408135943189399,0.00202658,0.00044021
0.184,0.08953199999999999,0.012547046220736994,0.00205253,0.00044642
0.185,0.09,0.012686770267842604,0.00207729,0.00045234
0.186,0.09046799999999999,0.012827311997212891,0.00209847,0.00045733
0.187,0.090936,0.012968665237696752,0.00213485,0.00046625
0.188,0.091404,0.013110835805609754,0.00215993,0.00047226
0.189,0.091872,0.013253825882212404,0.00218799,0.00047905
0.19,0.09234,0.0133976313818234,0.00221572,0.00048576
0.191,0.092806,0.01354226016725638,0.00224846,0.00049378
0.192,0.09327200000000001,0.013687707548758574,0.00227723,0.00050077
0.193,0.093738,0.013833973804501033,0.00229171,0.00050404
0.194,0.094204,0.013981060261852503,0.00233167,0.00051396
0.195,0.09467,0.014128970853876191,0.00234889,0.00051796
0.196,0.095136,0.014277705853048026,0.00237587,0.0005245
0.197,0.095602,0.014427263833640744,0.00241291,0.00053368
0.198,0.096068,0.01457764700432463,0.00243599,0.00053922
0.199,0.096534,0.014728858111935741,0.00247988,0.00055023
0.2,0.097,0.014880890845577328,0.00250555,0.00055645
0.201,0.097485,0.015033758697199107,0.00253661,0.00056413
0.202,0.09797,0.015187452855324296,0.00256071,0.00056997
0.203,0.098455,0.015341978747089294,0.00258487,0.00057582
0.204,0.09894,0.015497333201117524,0.00261888,0.00058429
0.205,0.099425,0.015653518948630478,0.00264823,0.00059154
0.206,0.09991,0.01581053554243025,0.0026809,0.00059967
0.207,0.100395,0.015968385628980977,0.00271039,0.00060696
0.208,0.10088,0.0161270707339633,0.00273963,0.00061419
0.209,0.101365,0.016286586470304724,0.00277175,0.0006222
0.21,0.10185,0.016446941380523238,0.00279843,0.00062876
0.211,0.10231299999999999,0.016608130148342642,0.0028403,0.00063937
0.212,0.10277599999999999,0.016770156505029023,0.00287051,0.00064686
0.213,0.103239,0.01693302225147605,0.00290284,0.00065493
0.214,0.10370199999999999,0.017096727960446565,0.00293371,0.00066261
0.215,0.104165,0.01726127015166735,0.002966,0.00067068
0.216,0.10462799999999998,0.017426655614441032,0.002992,0.00067707
0.217,0.10509099999999999,0.017592884558017264,0.00302901,0.00068641
0.218,0.105554,0.017759949973269913,0.00305664,0.00069325
0.219,0.10601699999999999,0.017927860270051867,0.00309355,0.00070259
0.22,0.10647999999999999,0.01809661710593147,0.00313674,0.00071365
0.221,0.10696399999999999,0.018266220521415084,0.0031574,0.00071863
0.222,0.10744799999999999,0.018436671250219878,0.00319921,0.00072936
0.223,0.107932,0.01860796825108307,0.00323001,0.0007371
0.224,0.108416,0.018780114801526547,0.00327075,0.00074756
0.225,0.1089,0.01895310810000896,0.00329805,0.00075436
0.226,0.109384,0.019126952497097723,0.00333694,0.00076433
0.227,0.109868,0.019301645263602337,0.0033657,0.00077153
0.228,0.110352,0.019477190804280405,0.00340537,0.00078174
0.229,0.110836,0.01965358794190157,0.00343773,0.00078994
0.23,0.11132,0.01983083869191993,0.00347062,0.0007983
0.231,0.11178,0.02000894916590165,0.00350302,0.0008065
0.232,0.11224,0.02018791376196139,0.0035426,0.00081667
0.233,0.11270000000000001,0.02036773297824877,0.00357438,0.00082471
0.234,0.11316000000000001,0.020548411408345974,0.00361215,0.00083441
0.235,0.11362,0.020729946858060476,0.00364599,0.00084303
0.236,0.11407999999999999,0.02091234072739378,0.00368026,0.00085177
0.237,0.11453999999999999,0.021095595060929867,0.00371794,0.00086146
0.238,0.11499999999999999,0.021279711290799537,0.00376155,0.0008728
0.239,0.11546,0.021464689956549453,0.00379377,0.00088099
0.24,0.11592,0.02165052968560207,0.00383305,0.00089116
0.241,0.11640299999999999,0.021837237869499516,0.00386378,0.00089898
0.242,0.11688599999999999,0.02202480983386322,0.00390385,0.0009094
0.243,0.117369,0.02221325057643531,0.00394971,0.00092146
0.244,0.117852,0.022402553589911646,0.0039836,0.00093018
0.245,0.118335,0.02259272581520666,0.00402342,0.00094056
0.246,0.118818,0.022783766321782577,0.00405319,0.00094814
0.247,0.11930099999999999,0.022975678010600645,0.00410042,0.00096062
0.248,0.119784,0.02316845881925364,0.00413367,0.00096918
0.249,0.120267,0.023362110797757633,0.00417028,0.0009787
0.25,0.12075,0.02355663601467711,0.00420773,0.00098845
0.251,0.121207,0.02375204185733643,0.00424676,0.00099862
0.252,0.121664,0.023948322532374788,0.00429274,0.00101076
0.253,0.12212100000000001,0.024145477272094467,0.00432518,0.00101908
0.254,0.122578,0.024343512163764167,0.00437243,0.0010316
0.255,0.123035,0.024542420725169583,0.00440109,0.00103886
0.256,0.123492,0.024742210270162737,0.0044483,0.00105138
0.257,0.123949,0.024942879234788183,0.00448866,0.00106197
0.258,0.12440600000000002,0.025144428438738983,0.00452742,0.00107211
0.259,0.12486300000000002,0.025346860313348134,0.00455675,0.00107958
0.26,0.12532000000000001,0.02555017404784862,0.00460194,0.00109156
0.261,0.12580200000000002,0.025754374322197463,0.00464263,0.00110231
0.262,0.126284,0.025959459284454377,0.00468405,0.00111327
0.263,0.12676600000000002,0.026165430776574,0.00472468,0.00112402
0.264,0.127248,0.026372287274610093,0.00476213,0.00113387
0.265,0.12773,0.026580032149405356,0.00480532,0.00114536
0.266,0.12821200000000002,0.026788666488762262,0.00484362,0.00115546
0.267,0.128694,0.0269981899981627,0.00489127,0.00116826
0.268,0.129176,0.027208605636021784,0.0049262,0.0011774
0.269,0.129658,0.02741991112589786,0.00497289,0.00118994
0.27,0.13014,0.027632111956808994,0.00500856,0.00119931
0.271,0.130594,0.0278452150599003,0.0050558,0.00121197
0.272,0.131048,0.028059214626786427,0.00510143,0.00122417
0.273,0.131502,0.02827411081032362,0.00514454,0.00123566
0.274,0.13195600000000002,0.02848990426260307,0.00518816,0.0012473
0.275,0.13241,0.028706596493603184,0.00522877,0.00125808
0.276,0.13286399999999998,0.028924188206668082,0.00526832,0.00126856
0.277,0.133318,0.029142680619177304,0.00531183,0.00128019
0.278,0.133772,0.029362075169096488,0.00535905,0.00129291
0.279,0.134226,0.02958237284372082,0.00540059,0.00130398
0.28,0.13468000000000002,0.029803574656899746,0.00544616,0.00131623
0.281,0.135132,0.030025681085792493,0.00548876,0.00132763
0.282,0.13558399999999995,0.03024869472947702,0.00552729,0.00133783
0.283,0.13603599999999996,0.030472614937689334,0.00557018,0.00134932
0.284,0.13648799999999997,0.030697443127350364,0.00561939,0.00136266
0.285,0.13693999999999998,0.030923181505809416,0.00566103,0.0013738
0.286,0.137392,0.03114983148271734,0.00571635,0.00138894
0.287,0.13784399999999997,0.03137739140416179,0.00574802,0.00139717
0.288,0.13829599999999997,0.031605865039710766,0.00580135,0.00141175
0.289,0.13874799999999998,0.031835252869076174,0.00583842,0.00142157
0.29,0.1392,0.03206555598035102,0.00589243,0.00143637
0.291,0.13968,0.032296784953203414,0.00592713,0.00144556
0.292,0.14015999999999998,0.03252893121859122,0.0059817,0.0014606
0.293,0.14064,0.0327619957561887,0.00602107,0.00147117
0.294,0.14112,0.032995979065905984,0.00606744,0.00148381
0.295,0.1416,0.033230883792771546,0.00611662,0.00149729
0.296,0.14207999999999998,0.03346670917821617,0.00616063,0.00150925
0.297,0.14256,0.03370345779667135,0.0062054,0.00152144
0.298,0.14304,0.03394113054438295,0.00625883,0.00153621
0.299,0.14351999999999998,0.03417972763994126,0.00629776,0.00154668
0.3,0.144,0.03441925162365524,0.006345,0.00155962
0.301,0.144449,0.03465970660993334,0.00639255,0.00157261
0.302,0.14489799999999997,0.03490109069903283,0.0064406,0.00158574
0.303,0.14534699999999998,0.035143404881956074,0.00648647,0.00159824
0.304,0.14579599999999998,0.03538665037341109,0.00653799,0.00161242
0.305,0.14624499999999999,0.03563082848284834,0.00658628,0.00162565
0.306,0.146694,0.03587593991679585,0.00662875,0.00163715
0.307,0.147143,0.03612198575799185,0.00668136,0.00165169
0.308,0.147592,0.036368967234290644,0.0067272,0.00166421
0.309,0.148041,0.03661688627536599,0.00677684,0.00167787
0.31,0.14849,0.03686574388097954,0.00681978,0.00168953
0.311,0.14896900000000002,0.037115547813541476,0.00687195,0.00170403
0.312,0.149448,0.037366292207753615,0.00691834,0.00171681
0.313,0.149927,0.037617977980823336,0.00696921,0.00173094
0.314,0.150406,0.03787060679900109,0.00701625,0.00174392
0.315,0.150885,0.0381241791723569,0.00706281,0.00175677
0.316,0.151364,0.03837869561871041,0.00711117,0.00177016
0.317,0.151843,0.038634159412465494,0.00715824,0.00178317
0.318,0.152322,0.03889057019946676,0.00721076,0.00179784
0.319,0.152801,0.03914792901092663,0.00726492,0.00181301
0.32,0.15328,0.039406237983145916,0.00730728,0.00182462
0.321,0.153726,0.03966550814328744,0.00736077,0.00183953
0.322,0.154172,0.039925731488751226,0.00740512,0.00185168
0.323,0.154618,0.040186908560262836,0.00745779,0.00186635
0.324,0.155064,0.040449041010003434,0.00750863,0.00188048
0.325,0.15551,0.04071213057103117,0.00756289,0.00189565
0.326,0.155956,0.04097617716935155,0.00761256,0.00190943
0.327,0.156402,0.041241182695693684,0.00765835,0.00192204
0.328,0.15684800000000002,0.04150714869385108,0.00770873,0.00193606
0.329,0.15729400000000002,0.041774076451583125,0.00776114,0.0019507
0.33,0.15774000000000002,0.04204196735126403,0.00781077,0.0019645
0.331,0.15818400000000002,0.04231082228235104,0.00786003,0.00197818
0.332,0.15862800000000002,0.04258064139210562,0.00790855,0.00199165
0.333,0.15907200000000002,0.042851427727177635,0.00796959,0.00200895
0.334,0.15951600000000002,0.04312318183827489,0.00802054,0.00202317
0.335,0.15996000000000002,0.043395904658544524,0.00806443,0.00203524
0.336,0.16040400000000002,0.043669598839890134,0.0081114,0.00204825
0.337,0.16084800000000002,0.04394426394761573,0.00817019,0.0020649
0.338,0.16129200000000002,0.04421990314681566,0.00821343,0.00207678
0.339,0.16173600000000002,0.04449651489597637,0.00827437,0.0020941
0.34,0.16218000000000002,0.044774103871834794,0.00832912,0.00210953
0.341,0.162657,0.04505268536342326,0.00837891,0.00212352
0.342,0.163134,0.045332244898315395,0.00843358,0.00213902
0.343,0.163611,0.04561278282145176,0.0084764,0.00215088
0.344,0.16408799999999998,0.045894301320841366,0.00854034,0.00216926
0.345,0.164565,0.0461768008353256,0.00858618,0.00218206
0.346,0.16504199999999997,0.0464602825952974,0.008644,0.00219856
0.347,0.16551899999999997,0.046744748608741865,0.00868564,0.00221007
0.348,0.16599599999999998,0.04703020003896345,0.00874102,0.00222584
0.349,0.16647299999999998,0.04731663802067378,0.00879068,0.00223984
0.35,0.16695,0.04760406331318334,0.00884871,0.00225644
0.351,0.16739099999999998,0.04789248361377632,0.00889905,0.00227058
0.352,0.16783199999999998,0.04818189537734925,0.008956,0.00228676
0.353,0.16827299999999998,0.04847230007977088,0.00901216,0.00230272
0.354,0.16871399999999998,0.048763698489279236,0.00906641,0.00231808
0.355,0.16915499999999997,0.04905609243683455,0.00910778,0.00232944
0.356,0.16959599999999997,0.049349482454795784,0.00916902,0.00234699
0.357,0.17003699999999997,0.04964387137700625,0.00922439,0.00236273
0.358,0.170478,0.04993926046757014,0.00927142,0.00237586
0.359,0.170919,0.0502356491461797,0.00932765,0.00239187
0.36,0.17135999999999998,0.05053304068370796,0.00937898,0.00240636
0.361,0.171836,0.05083144485258638,0.00943704,0.00242305
0.362,0.172312,0.051130853740188914,0.00948515,0.00243664
0.363,0.172788,0.051431266916368804,0.00954627,0.00245431
0.364,0.173264,0.05173268725580925,0.00960067,0.00246988
0.365,0.17374,0.05203511568871636,0.00965462,0.00248531
0.366,0.17421599999999998,0.052338553577025305,0.00970386,0.00249928
0.367,0.174692,0.05264300244672947,0.00976067,0.00251562
0.368,0.175168,0.052948462781940014,0.00981753,0.00253199
0.369,0.175644,0.053254936601742006,0.00986738,0.00254616
0.37,0.17612,0.05356242553100621,0.00992126,0.00256161
0.371,0.176558,0.05387094871787838,0.00997206,0.00257598
0.372,0.176996,0.05418049074490252,0.01003047,0.00259275
0.373,0.17743399999999998,0.05449105253807068,0.01008549,0.00260846
0.374,0.177872,0.05480263547070545,0.01014109,0.00262436
0.375,0.17831,0.05511524213479146,0.01019995,0.0026413
0.376,0.178748,0.05542887366145367,0.01025018,0.00265552
0.377,0.17918599999999998,0.055743531069954916,0.01031044,0.00267291
0.378,0.17962399999999998,0.05605921634031706,0.01036661,0.00268901
0.379,0.180062,0.05637592994048402,0.01042026,0.00270433
0.38,0.1805,0.05669367477976436,0.01046838,0.00271789
0.381,0.18093599999999999,0.05701245085783559,0.01053107,0.00273607
0.382,0.181372,0.057332260381821515,0.01058454,0.00275133
0.383,0.181808,0.05765310491044698,0.01064461,0.0027687
0.384,0.182244,0.05797498534003605,0.01070038,0.0027847
0.385,0.18268,0.058297903469764635,0.010754,0.00280003
0.386,0.183116,0.05862186084358358,0.01081212,0.00281679
0.387,0.18355200000000002,0.05894685888864695,0.01086036,0.00283041
0.388,0.183988,0.059272899075365135,0.01091481,0.00284602
0.389,0.184424,0.05959998260632625,0.01097723,0.00286417
0.39,0.18486000000000002,0.05992811161227475,0.01103353,0.00288037
0.391,0.18533400000000003,0.06025730001402975,0.01108496,0.00289514
0.392,0.18580800000000003,0.06058753484709209,0.01114515,0.00291272
0.393,0.18628200000000003,0.06091881803994028,0.01120221,0.0029293
0.394,0.18675600000000003,0.06125114995056494,0.01124956,0.00294278
0.395,0.18723,0.061584533908205064,0.01130776,0.00295974
0.396,0.187704,0.0619189681126911,0.0113632,0.00297581
0.397,0.188178,0.06225445707015468,0.0114203,0.00299243
0.398,0.18865200000000001,0.06259100116805269,0.0114724,0.00300745
0.399,0.18912600000000002,0.0629286020361255,0.0115273,0.00302337
0.4,0.18960000000000002,0.0632672604867432,0.01158381,0.00303981
0.401,0.19003300000000004,0.06360699962539021,0.01163821,0.00305545
0.402,0.19046600000000002,0.06394780194171754,0.01169945,0.0030733
0.403,0.190899,0.06428966815079418,0.0117549,0.00308929
0.404,0.19133200000000003,0.0646326013951759,0.01180327,0.003103
0.405,0.19176500000000002,0.06497660145098093,0.01187186,0.00312322
0.406,0.192198,0.0653216713408973,0.01191995,0.00313685
0.407,0.192631,0.0656678115790289,0.01197684,0.00315332
0.408,0.19306399999999999,0.0660150247035861,0.01203714,0.00317089
0.409,0.193497,0.0663633114890437,0.01208939,0.00318587
0.41,0.19393,0.06671267379300591,0.01214694,0.00320257
0.411,0.19436099999999998,0.06706311371594274,0.01219976,0.00321773
0.412,0.194792,0.06741463135929099,0.01225805,0.00323467
0.413,0.19522299999999998,0.06776723001395644,0.01232525,0.00325449
0.414,0.19565399999999997,0.06812090984638418,0.01237344,0.00326817
0.415,0.19608499999999998,0.06847567353051852,0.0124233,0.00328239
0.416,0.19651599999999997,0.0688315215072946,0.01249182,0.00330266
0.417,0.19694699999999998,0.0691884571761277,0.01254182,0.00331693
0.418,0.19737799999999997,0.06954647929900713,0.012598,0.00333321
0.419,0.19780899999999996,0.06990559271274371,0.01265382,0.00334938
0.42,0.19823999999999997,0.07026579654859312,0.01271336,0.00336675
0.421,0.19866899999999998,0.07062709307903604,0.01277096,0.0033835
0.422,0.19909799999999997,0.07098948414424451,0.01282877,0.00340032
0.423,0.19952699999999998,0.07135297176448886,0.01288666,0.00341716
0.424,0.199956,0.07171755660927974,0.01294095,0.00343285
0.425,0.20038499999999998,0.07208324099526048,0.01299112,0.00344719
0.426,0.200814,0.07245002640800678,0.01305002,0.00346438
0.427,0.201243,0.07281791532107475,0.01311057,0.00348211
0.428,0.201672,0.073186907124013,0.01316591,0.00349815
0.429,0.202101,0.07355700577338521,0.01322271,0.00351466
0.43,0.20253000000000002,0.07392821213715985,0.01326768,0.00352732
0.431,0.20300100000000001,0.07430055361394858,0.0133268,0.00354475
0.432,0.20347200000000001,0.07467400274355626,0.01338709,0.00356256
0.433,0.203943,0.07504856214828588,0.01343577,0.00357658
0.434,0.204414,0.07542423243595468,0.01348349,0.0035903
0.435,0.204885,0.07580101531431967,0.01354894,0.00360981
0.436,0.205356,0.07617891331152203,0.01359901,0.0036243
0.437,0.205827,0.07655792636978523,0.01365065,0.0036393
0.438,0.206298,0.07693805741073989,0.01370367,0.00365476
0.439,0.206769,0.07731930788731531,0.01376215,0.003672
0.44,0.20724,0.07770167833576178,0.01381173,0.00368634
0.441,0.20766600000000002,0.07808519133594191,0.01386477,0.00370166
0.442,0.208092,0.07846983080978266,0.01392447,0.00371916
0.443,0.208518,0.07885560027434438,0.01397395,0.00373331
0.444,0.20894400000000002,0.07924249943870817,0.01403576,0.00375151
0.445,0.20937,0.07963053132258342,0.01409213,0.00376793
0.446,0.209796,0.08001969767285672,0.01415256,0.00378568
0.447,0.21022200000000002,0.08040999988710007,0.01420834,0.00380191
0.448,0.210648,0.08080144072115049,0.01424352,0.00381137
0.449,0.211074,0.0811940182122278,0.01430253,0.00382867
0.45,0.21150000000000002,0.08158773890645914,0.0143498,0.00384211
0.451,0.211924,0.08198260213925969,0.01442788,0.00386568
0.452,0.212348,0.0823786087056902,0.01446861,0.00387697
0.453,0.21277200000000002,0.08277576117708303,0.01452123,0.00389216
0.454,0.213196,0.08317406268842314,0.0145783,0.00390883
0.455,0.21362,0.08357351414023834,0.01462974,0.00392364
0.456,0.21404399999999998,0.08397411637197894,0.01469263,0.00394223
0.457,0.214468,0.08437587168300292,0.01472581,0.00395103
0.458,0.214892,0.0847787807263036,0.01479794,0.00397267
0.459,0.21531599999999998,0.08518284750126986,0.01484514,0.00398609
0.46,0.21574,0.08558807279271176,0.01490855,0.00400487
0.461,0.21616199999999997,0.08599445741061726,0.01495839,0.00401916
0.462,0.21658399999999997,0.08640200438835945,0.01500137,0.00403118
0.463,0.21700599999999998,0.08681071420247236,0.01505732,0.0040475
0.464,0.21742799999999998,0.08722059153988758,0.01512841,0.00406881
0.465,0.21785,0.08763163286412148,0.01516859,0.00407992
0.466,0.218272,0.08804384470320048,0.0152134,0.00409255
0.467,0.218694,0.08845722748168278,0.01525865,0.00410533
0.468,0.219116,0.08887178216748455,0.01531464,0.00412166
0.469,0.21953799999999998,0.08928751276575554,0.01538446,0.00414258
0.47,0.21995999999999996,0.0897044178358283,0.01540752,0.00414801
0.471,0.22038,0.09012249919415535,0.01546898,0.00416616
0.472,0.2208,0.09054176150674352,0.01551592,0.00417949
0.473,0.22122,0.09096220488063003,0.01556558,0.00419373
0.474,0.22164,0.09138383246964936,0.01562211,0.00421025
0.475,0.22206,0.09180664276034547,0.01568034,0.00422733
0.476,0.22247999999999998,0.09223064179114467,0.01572068,0.00423848
0.477,0.2229,0.09265582919593807,0.01578858,0.00425878
0.478,0.22332,0.09308220639147453,0.01582226,0.00426772
0.479,0.22374,0.09350977708896235,0.01586541,0.0042798
0.48,0.22416,0.0939385418761975,0.01594209,0.00430302
0.481,0.224627,0.09436853302441549,0.01597129,0.00431066
0.482,0.225094,0.09479971743762693,0.01602247,0.00432559
0.483,0.225561,0.09523209746793292,0.01604807,0.00433202
0.484,0.226028,0.0956656703861403,0.01610789,0.00434983
0.485,0.226495,0.09610044245529495,0.01615759,0.00436427
0.486,0.226962,0.09653641419721166,0.01622597,0.00438493
0.487,0.227429,0.09697358438572837,0.01623474,0.00438577
0.488,0.22789600000000002,0.09741195956075177,0.01627227,0.00439617
0.489,0.228363,0.0978515353836229,0.01633691,0.00441559
0.49,0.22883,0.0982923197073897,0.01637086,0.00442479
0.491,0.229247,0.0987343484555521,0.01644799,0.00444818
0.492,0.229664,0.09917759029753634,0.01646129,0.00445033
0.493,0.230081,0.09962205029189018,0.01652556,0.00446944
0.494,0.230498,0.10006773059397436,0.01657699,0.00448428
0.495,0.230915,0.10051463248243907,0.01661244,0.00449379
0.496,0.231332,0.10096275737458274,0.01665689,0.00450631
0.497,0.231749,0.10141210587809635,0.01671102,0.00452205
0.498,0.232166,0.1018626824024022,0.01672637,0.00452487
0.499,0.232583,0.10231448633134943,0.01678616,0.00454249
0.5,0.233,0.10276752259899621,0.01682737,0.00455393
0.501,0.23304984069505677,0.10322175658450146,0.01689475,0.00457267
0.502,0.2330996813901135,0.10367677789609198,0.01695628,0.00458946
0.503,0.23314952208517026,0.10413258294647032,0.0170177,0.00460622
0.504,0.23319936278022702,0.10458917741356784,0.01709609,0.00462863
0.505,0.23324920347528375,0.10504656552425848,0.01716485,0.00464783
0.506,0.2332990441703405,0.10550474710072288,0.01722615,0.00466455
0.507,0.23334888486539723,0.10596372062399682,0.01729171,0.00468269
0.508,0.233398725560454,0.10642349455199102,0.01736159,0.00470227
0.509,0.23344856625551075,0.10688406888650054,0.0174347,0.00472292
0.51,0.23349840695056748,0.10734544535104013,0.01749259,0.00473851
0.511,0.23198441995377825,0.10778334044306824,0.01767246,0.00478873
0.512,0.2304915642591515,0.10821053135263559,0.01785032,0.00483836
0.513,0.2290191076393112,0.10862734940573907,0.01799385,0.00487663
0.514,0.22756635946819545,0.10903411941220585,0.01814838,0.00491865
0.515,0.22613266748477637,0.10943113048730098,0.01833577,0.00497172
0.516,0.22471741487355776,0.10981867440080176,0.01846761,0.00500633
0.517,0.2233200176245856,0.11019701607405687,0.01862475,0.00504945
0.518,0.22193992214117472,0.11056641422176536,0.01880409,0.00510006
0.519,0.2205766030673395,0.11092710811495984,0.01896165,0.00514347
0.52,0.21922956131083035,0.11127933220799135,0.01909097,0.00517752
0.521,0.21789832224066144,0.11162330148375367,0.01924171,0.00521879
0.522,0.2165824340406631,0.11195922849000145,0.01940384,0.00526393
0.523,0.21528146620286182,0.11228731165826705,0.01953649,0.00529928
0.524,0.21399500814644312,0.11260774483828648,0.01968863,0.0053412
0.525,0.21272266794973158,0.11292070640797262,0.01984305,0.00538396
0.526,0.21146407118408647,0.11322637361020986,0.02001649,0.00543313
0.527,0.21021885983987562,0.11352491179018726,0.02013391,0.00546363
0.528,0.2089866913357921,0.1138164822143761,0.02027669,0.00550266
0.529,0.20776723760374402,0.11410123748198944,0.02042723,0.00554434
0.53,0.20656018424238665,0.11437932649856711,0.02059014,0.00559023
0.531,0.20536522973310717,0.11465088836851817,0.02072814,0.00562782
0.532,0.2041820847129191,0.11491605931519078,0.02085065,0.00566029
0.533,0.2030104712992996,0.1151749718530859,0.02098279,0.00569602
0.534,0.20185012246250175,0.11542775050084404,0.02112968,0.00573675
0.535,0.20070078144132616,0.11567451547465472,0.02126058,0.00577217
0.536,0.1995622011987281,0.1159153843377557,0.02140915,0.00581356
0.537,0.19843414391399125,0.11615046989725936,0.02154235,0.00584984
0.538,0.19731638050850714,0.11637987931687904,0.02166532,0.00588275
0.539,0.19620869020248505,0.11660371714132844,0.02180134,0.00592006
0.54,0.1951108601001576,0.11682208515491466,0.02192572,0.00595353
0.541,0.19402268480127757,0.11703508090332645,0.02208776,0.00599966
0.542,0.19294396603689548,0.11724279695470413,0.02219694,0.00602811
0.543,0.19187451232758926,0.1174453261172325,0.02233377,0.00606588
0.544,0.1908141386624765,0.11764275798010787,0.02246812,0.00610285
0.545,0.1897626661974855,0.1178351725547545,0.02258712,0.00613473
0.546,0.1887199219714912,0.1180226586723902,0.02270699,0.00616693
0.547,0.18768573863903956,0.11820529104175144,0.02284988,0.00620689
0.548,0.18665995421849071,0.1183831515350979,0.02298976,0.00624588
0.549,0.18564241185450797,0.11855631156264305,0.02308809,0.00627097
0.55,0.18463295959390336,0.11872484799508243,0.02323425,0.00631214
0.551,0.18363145017394564,0.11888882752515953,0.02332109,0.00633346
0.552,0.18263774082226025,0.11904831987717238,0.02346314,0.00637332
0.553,0.18165169306760828,0.11920339397157935,0.02359216,0.00640885
0.554,0.18067317256077853,0.11935411185861176,0.02370901,0.00644034
0.555,0.17970204890496913,0.11950053899077032,0.02382887,0.00647287
0.556,0.1787381954950427,0.11964273443319363,0.02396,0.00650921
0.557,0.17778148936509464,0.11978075731063322,0.0240812,0.00654226
0.558,0.1768318110438145,0.11991466733145013,0.02417202,0.00656515
0.559,0.17588904441716152,0.12004451891380771,0.02430957,0.00660375
0.56,0.17495307659790227,0.12017036811173727,0.02441567,0.00663183
0.561,0.17402379780159405,0.1202922683167626,0.02453445,0.00666419
0.562,0.17310110122867386,0.12041027053039186,0.02465306,0.00669653
0.563,0.17218488295216353,0.12052442455711934,0.02477025,0.00672843
0.564,0.17127504181084213,0.1206347821979522,0.02488708,0.00676023
0.565,0.17037147930743068,0.12074138948920188,0.025013,0.00679512
0.566,0.16947409951155706,0.1208442930833154,0.02511242,0.00682114
0.567,0.16858280896722286,0.12094354006979119,0.02521978,0.00684986
0.568,0.16769751660451834,0.12103917469487706,0.02533075,0.00687982
0.569,0.1668181336553493,0.1211312392145564,0.02543918,0.00690895
0.57,0.16594457357295567,0.12121977661741355,0.02557235,0.00694642
0.571,0.16507675195501537,0.1213048282113385,0.02568665,0.00697758
0.572,0.16421458647013995,0.12138643643141583,0.02580636,0.00701059
0.573,0.16335799678758073,0.1214646360322501,0.02589146,0.007032
0.574,0.16250690450997646,0.12153947046922037,0.02601818,0.00706742
0.575,0.16166123310898195,0.12161097615310694,0.02609584,0.00708639
0.576,0.16082090786362957,0.12167918617728155,0.0262174,0.00712013
0.577,0.15998585580128202,0.12174414151676798,0.02634123,0.00715465
0.578,0.15915600564104532,0.12180587539743215,0.02643682,0.00717973
0.579,0.1583312877395172,0.12186442171699864,0.02653885,0.00720699
0.58,0.15751163403875457,0.1219198152609292,0.0266518,0.00723794
0.581,0.15669697801634977,0.12197208924505343,0.02675206,0.00726466
0.582,0.1558872546375129,0.12202127281058155,0.02686272,0.00729489
0.583,0.1550824003090611,0.12206740050145887,0.02697253,0.00732487
0.584,0.1542823528352247,0.12211050280243738,0.02706731,0.00734982
0.585,0.1534870513751814,0.12215060926954227,0.02717366,0.00737868
0.586,0.15269643640223812,0.12218774988943096,0.02727794,0.00740688
0.587,0.1519104496645823,0.12222195372041723,0.02737331,0.0074321
0.588,0.15112903414752993,0.12225324857962638,0.02748771,0.00746374
0.589,0.15035213403720024,0.12228166320994105,0.02759441,0.00749282
0.59,0.14957969468555327,0.12230722432338166,0.02769052,0.00751837
0.591,0.14881166257672684,0.12232995933913567,0.02776725,0.00753743
0.592,0.14804798529461505,0.12234989233343786,0.0278762,0.00756733
0.593,0.14728861149163297,0.12236705065502557,0.02798428,0.00759697
0.594,0.14653349085861453,0.12238145996231749,0.02809381,0.00762711
0.595,0.14578257409579407,0.1223931442026308,0.02818492,0.0076511
0.596,0.14503581288482376,0.12240212763901102,0.02828434,0.00767789
0.597,0.1442931598617829,0.12240843550808961,0.02836481,0.00769835
0.598,0.14355456859113563,0.12241208736544423,0.02848294,0.00773147
0.599,0.14281999354059702,0.12241310978243165,0.02858401,0.00775889
0.6,0.1420893900568693,0.12241152386084012,0.02867119,0.00778167
0.601,0.14136271434221126,0.12240735118509838,0.02877609,0.00781042
0.602,0.14063992343180653,0.12240061480080248,0.02887127,0.00783592
0.603,0.1399209751718974,0.12239133394537562,0.02897219,0.00786338
0.604,0.13920582819865296,0.12237953160605938,0.02907463,0.00789137
0.605,0.13849444191774168,0.12236522701501178,0.02916953,0.00791685
0.606,0.13778677648457974,0.12234844095256557,0.02923893,0.00793378
0.607,0.13708279278522809,0.12232919213350656,0.02935724,0.00796717
0.608,0.13638245241791289,0.12230750077809241,0.02943529,0.00798704
0.609,0.13568571767514334,0.12228338611038975,0.02953374,0.0080138
0.61,0.13499255152640532,0.12225686649158748,0.02962269,0.00803739
0.611,0.13430291760140659,0.12222796052250826,0.02972164,0.00806435
0.612,0.1336167801738534,0.12219668715196354,0.02982828,0.00809392
0.613,0.13293410414573759,0.12216306233651661,0.0298986,0.00811131
0.614,0.1322548550321147,0.12212710489977702,0.02999938,0.00813896
0.615,0.1315789989463547,0.12208883336404397,0.03007132,0.00815693
0.616,0.13090650258584705,0.12204826004572089,0.03018245,0.00818809
0.617,0.13023733321814418,0.12200540632872187,0.03026913,0.00821106
0.618,0.12957145866752534,0.12196028696642505,0.03036275,0.00823638
0.619,0.12890884730196717,0.12191291814764356,0.03045238,0.00826038
0.62,0.1282494680205034,0.1218633149483376,0.03054326,0.00828482
0.621,0.12759329024097057,0.12181149462821118,0.0306161,0.00830322
0.622,0.1269402838880937,0.12175747018547732,0.03071739,0.00833119
0.623,0.12629041938195312,0.12170125943085777,0.03080966,0.00835616
0.624,0.12564366762676554,0.1216428747827188,0.03088961,0.00837701
0.625,0.125,0.12158233208997092,0.03098733,0.00840385
0.626,0.1243593883418068,0.12151964672734808,0.03109387,0.00843367
0.627,0.12372180494474884,0.12145483045015171,0.03117154,0.00845381
0.628,0.12308722254382655,0.1213878984079588,0.03124539,0.00847269
0.629,0.12245561430678442,0.12131886527444014,0.03134211,0.00849927
0.63,0.12182695382469072,0.12124774341344641,0.03140853,0.00851569
0.631,0.12120121510278119,0.12117454630436628,0.03150898,0.00854356
0.632,0.12057837255155575,0.12109928716774217,0.03159795,0.0085676
0.633,0.11995840097812326,0.12102197928467887,0.03168288,0.0085903
0.634,0.11934127557778233,0.12094263466883275,0.03176465,0.00861195
0.635,0.1187269719258327,0.1208612665070892,0.03184928,0.00863459
0.636,0.11811546596960862,0.12077788699984543,0.03193026,0.00865601
0.637,0.11750673402072716,0.120692508151763,0.03201641,0.0086792
0.638,0.11690075274754436,0.12060514186390942,0.03210754,0.00870408
0.639,0.1162974991678126,0.12051580023801163,0.03218177,0.0087233
0.64,0.11569695064153217,0.12042449504692843,0.03227119,0.00874764
0.641,0.11509908486399188,0.12033123748852714,0.03233866,0.00876462
0.642,0.11450387985899133,0.1202360382540148,0.03243368,0.00879089
0.643,0.11391131397224,0.12013890908539265,0.03251944,0.00881405
0.644,0.11332136586492748,0.12003986178829641,0.03260086,0.00883579
0.645,0.11273401450745905,0.11993890557310424,0.03268799,0.00885946
0.646,0.11214923917334732,0.11983605231865563,0.03275956,0.00887791
0.647,0.11156701943328226,0.11973131210970672,0.03285583,0.0089047
0.648,0.11098733514930464,0.11962469520127518,0.03292464,0.00892226
0.649,0.11041016646917425,0.11951621277302624,0.03301285,0.00894637
0.65,0.10983549382085465,0.11940587295143393,0.0330967,0.00896904
0.651,0.10926329790714014,0.11929368691087311,0.03317811,0.0089909
0.652,0.10869355970041623,0.11917966489682676,0.03325688,0.00901189
0.653,0.10812626043754894,0.11906381662422771,0.03334574,0.0090363
0.654,0.10756138161489948,0.11894615009156531,0.03341449,0.00905395
0.655,0.10699890498346071,0.11882667573181231,0.03349519,0.00907566
0.656,0.10643881254411144,0.11870540313784503,0.03357032,0.0090955
0.657,0.105881086542985,0.11858234076478336,0.03364076,0.00911378
0.658,0.10532570946694972,0.11845749815704909,0.03373192,0.00913906
0.659,0.10477266403919645,0.11833088403919224,0.03380437,0.00915806
0.66,0.10422193321493167,0.11820250770199414,0.03390901,0.00918792
0.661,0.10367350017717196,0.11807237621481537,0.03397099,0.00920343
0.662,0.10312734833263763,0.11794049949989005,0.03404491,0.00922299
0.663,0.1025834613077424,0.11780688687899468,0.03412911,0.00924602
0.664,0.10204182294467642,0.1176715440189999,0.03420614,0.00926666
0.665,0.10150241729758008,0.11753448115000686,0.03428416,0.00928765
0.666,0.100965228628806,0.11739570636467338,0.03434302,0.00930221
0.667,0.10043024140526688,0.1172552263426108,0.03442935,0.00932604
0.668,0.09989744029486673,0.11711305014050857,0.03451044,0.00934812
0.669,0.09936681016301296,0.11696918582467654,0.03459286,0.00937068
0.67,0.09883833606920786,0.1168236395220208,0.03466357,0.0093893
0.671,0.098312003263716,0.11667642072880284,0.03472781,0.00940577
0.672,0.09778779718430725,0.11652753465868902,0.03481282,0.00942926
0.673,0.09726570345307145,0.1163769907440008,0.03488847,0.0094496
0.674,0.09674570787330464,0.11622479604159373,0.03494991,0.00946518
0.675,0.09622779642646323,0.11607095697816996,0.03505319,0.00949489
0.676,0.09571195526918583,0.11591548074433831,0.03511304,0.00950998
0.677,0.09519817073037994,0.11575837441395923,0.03520171,0.0095348
0.678,0.09468642930837191,0.11559964497332062,0.03525426,0.00954746
0.679,0.0941767176681194,0.115439299722468,0.03533314,0.00956902
0.68,0.09366902263848301,0.11527734475288959,0.03540726,0.009589
0.681,0.09316333120955766,0.1151137873251632,0.03549183,0.00961252
0.682,0.0926596305300601,0.1149486344640469,0.03554572,0.00962571
0.683,0.09215790790477281,0.11478189078540348,0.0356408,0.00965282
0.684,0.0916581507920417,0.11461356362655438,0.03570266,0.00966874
0.685,0.09116034680132684,0.1144436601927545,0.03579007,0.00969331
0.686,0.09066448369080468,0.11427218600016717,0.03585475,0.00971022
0.687,0.09017054936502049,0.11409914708895298,0.03591409,0.00972535
0.688,0.08967853187258973,0.11392454983237299,0.03600972,0.00975276
0.689,0.08918841940394703,0.11374839990365149,0.03607873,0.0097712
0.69,0.08870020028914227,0.11357070428377462,0.03615318,0.00979149
0.691,0.08821386299568129,0.1133914684335652,0.03620108,0.00980284
0.692,0.08772939612641141,0.11321069655966451,0.03628945,0.00982789
0.693,0.08724678841745001,0.11302839585351795,0.03637643,0.00985248
0.694,0.08676602873615524,0.11284457174370811,0.03644157,0.00986972
0.695,0.08628710607913802,0.1126592299579026,0.03651005,0.00988811
0.696,0.08581000957031389,0.11247237554539208,0.03657954,0.00990686
0.697,0.08533472845899417,0.11228401515868855,0.03662848,0.00991868
0.698,0.08486125211801569,0.11209415212820019,0.03671562,0.00994344
0.699,0.0843895700419072,0.1119027934629667,0.03678778,0.00996316
0.7,0.0839196718450913,0.11170994346573201,0.03686106,0.00998328
0.701,0.08345154726013077,0.11151560783825434,0.03694327,0.01000645
0.702,0.08298518613598693,0.11131979229231945,0.03702496,0.01002946
0.703,0.08252057843634246,0.11112249998202786,0.03706784,0.01003936
0.704,0.08205771423793436,0.11092373720105923,0.03713598,0.01005784
0.705,0.08159658372892861,0.11072350780037024,0.03721744,0.01008084
0.706,0.08113717720732491,0.11052181900158514,0.03729075,0.01010111
0.707,0.08067948507939232,0.1103186731050204,0.03733638,0.01011203
0.708,0.08022349785813518,0.11011407498268552,0.03742343,0.010137
0.709,0.07976920616178848,0.10990803168902119,0.03748566,0.01015359
0.71,0.07931660071234187,0.10970054586192045,0.03756385,0.01017561
0.711,0.0788656723340937,0.10949162130128615,0.03763717,0.010196
0.712,0.07841641195222818,0.10928126422271056,0.03770925,0.010216
0.713,0.07796881059142541,0.10906947855034183,0.03776915,0.0102319
0.714,0.07752285937449338,0.10885626837701862,0.03783786,0.0102508
0.715,0.07707854952102768,0.10864163862437763,0.03790296,0.01026851
0.716,0.07663587234609581,0.10842559259903942,0.03797261,0.01028778
0.717,0.07619481925894668,0.10820813567294484,0.03804305,0.01030735
0.718,0.0757553817617438,0.10798927091448636,0.03812843,0.01033201
0.719,0.07531755144832238,0.10776900289153513,0.03816916,0.01034155
0.72,0.07488132000296938,0.10754733527872865,0.03824955,0.01036457
0.721,0.07444667919922683,0.10732427347568207,0.03830198,0.01037813
0.722,0.0740136208987157,0.10709981945402339,0.03839723,0.01040625
0.723,0.07358213704998362,0.10687397773649138,0.03846029,0.01042347
0.724,0.07315221968737215,0.10664675314436263,0.03853036,0.01044309
0.725,0.0727238609299031,0.10641814817707122,0.03858591,0.01045782
0.726,0.07229705298019784,0.1061881674229499,0.0386605,0.01047903
0.727,0.07187178812339018,0.1059568157921234,0.03873556,0.01050044
0.728,0.07144805872608598,0.10572409268222122,0.0387975,0.01051741
0.729,0.07102585723532781,0.10549000624584294,0.03886737,0.01053711
0.73,0.07060517617758118,0.10525455756419981,0.03894503,0.01055949
0.731,0.07018600815773941,0.10501775049321803,0.03899539,0.01057261
0.732,0.06976834585814612,0.10477959076701884,0.03905392,0.01058853
0.733,0.06935218203763557,0.1045400764452888,0.03912614,0.01060915
0.734,0.06893750953059023,0.10429921707901946,0.03920122,0.01063076
0.735,0.06852432124601521,0.10405701057028821,0.03925509,0.01064519
0.736,0.06811261016662945,0.10381346458171503,0.03932916,0.01066653
0.737,0.067702369347973,0.10356857881965978,0.03941323,0.01069131
0.738,0.06729359191753022,0.1033223594697143,0.03945698,0.01070237
0.739,0.06688627107386906,0.10307480721042961,0.03953998,0.01072685
0.74,0.066480400085795,0.10282592636329355,0.03959973,0.01074343
0.741,0.06607597229152072,0.10257571972769595,0.03966574,0.01076217
0.742,0.06567298109785001,0.10232419073394913,0.03973706,0.01078277
0.743,0.06527141997937648,0.102071341708873,0.03978993,0.0107971
0.744,0.06487128247769644,0.1018171754877233,0.03985886,0.01081694
0.745,0.06447256220063555,0.10156169571506286,0.03991613,0.01083283
0.746,0.06407525282148947,0.10130490407193683,0.03998874,0.010854
0.747,0.06367934807827764,0.10104680359376934,0.0400535,0.01087252
0.748,0.0632848417730105,0.10078739787529423,0.04011588,0.01089026
0.749,0.06289172777096949,0.10052668656692688,0.04021843,0.01092178
0.75,0.062499999999999944,0.10026467928784302,0.04027689,0.01093826
0.751,0.06210965244981629,0.10000137098281972,0.04032856,0.01095244
0.752,0.061720679171319674,0.09973676594985748,0.04045275,0.01099151
0.753,0.06133307427592766,0.09947087225279913,0.04046778,0.01099321
0.754,0.0609468319349156,0.09920368642408438,0.04054021,0.01101461
0.755,0.060561946378769785,0.09893521239144919,0.04059841,0.01103118
0.756,0.06017841189655216,0.0986654530086824,0.04066368,0.01105021
0.757,0.05979622283527592,0.09839441132339782,0.04072046,0.01106636
0.758,0.059415373599292595,0.09812208686033351,0.04078571,0.01108546
0.759,0.05903585864968964,0.09784848457399091,0.04086788,0.01111042
0.76,0.058657672503698965,0.09757360665758474,0.04091602,0.01112372
0.761,0.05828080973411605,0.09729745300123445,0.04098813,0.0111453
0.762,0.05790526496872884,0.0970200285415874,0.04106963,0.01117016
0.763,0.05753103288975771,0.09674133496044454,0.04111617,0.01118303
0.764,0.05715810823330464,0.09646137146186738,0.04119022,0.01120541
0.765,0.05678648578881274,0.09618014363264463,0.04126032,0.01122648
0.766,0.05641616039853531,0.09589765226662292,0.0413142,0.01124201
0.767,0.05604712695701438,0.09561389869066317,0.0413737,0.01125951
0.768,0.05567938041056883,0.09532888519964575,0.04143805,0.01127874
0.769,0.05531291575679164,0.0950426139255079,0.04150188,0.01129783
0.77,0.05494772804405634,0.09475508665483062,0.04157045,0.0113186
0.771,0.05458381237103251,0.0944663040132398,0.04165903,0.01134634
0.772,0.054221163886209796,0.09417626934607853,0.04171606,0.01136324
0.773,0.05385977778743124,0.09388498450480248,0.04178321,0.01138367
0.774,0.05349964932143478,0.09359245050257275,0.04184705,0.01140302
0.775,0.053140773783403296,0.09329866875188347,0.04192052,0.01142575
0.776,0.05278314651652323,0.0930036415688543,0.04198737,0.01144624
0.777,0.05242676291155126,0.09270735762336264,0.04202236,0.01145575
0.778,0.05207161840638925,0.09240985707715073,0.04213322,0.01149161
0.779,0.05171770848566716,0.09211110140099457,0.042183,0.01150634
0.78,0.05136502868033249,0.09181110907869768,0.04227529,0.0115359
0.781,0.051013574567256366,0.09150987470096039,0.0423239,0.01155034
0.782,0.05066334176882526,0.09120740556378813,0.04237638,0.01156618
0.783,0.05031432595256988,0.0909037014968663,0.04244096,0.01158629
0.784,0.04996652283077944,0.0905987542813149,0.04246679,0.01159296
0.785,0.04961992816013227,0.09029259371075998,0.04256604,0.01162526
0.786,0.049274537741332405,0.08998518936958362,0.04264636,0.01165104
0.787,0.04893034741875335,0.0896765572377167,0.04270489,0.01166928
0.788,0.04858735308008915,0.08936669679781513,0.04274475,0.01168108
0.789,0.04824555065601251,0.08905560793489269,0.04282734,0.01170785
0.79,0.04790493611984015,0.08874329320944277,0.04289616,0.01172989
0.791,0.04756550548720524,0.08842975358488034,0.04295905,0.01174993
0.792,0.04722725481573602,0.08811498903086198,0.04303483,0.01177455
0.793,0.04689018020474243,0.0877990028122468,0.04307118,0.01178543
0.794,0.04655427779490877,0.08748179283100233,0.04315243,0.01181211
0.795,0.04621954376799324,0.08716336286358822,0.04322458,0.01183569
0.796,0.04588597434653428,0.08684371244247235,0.04328634,0.0118557
0.797,0.04555356579356351,0.0865228439678315,0.04332671,0.01186827
0.798,0.045222314412325194,0.08620075660489787,0.04339542,0.01189087
0.799,0.04489221654600226,0.08587745259601945,0.04348558,0.01192111
0.8,0.04456326857744885,0.0855529335241769,0.04353438,0.01193687
0.801,0.0442354669289292,0.08522719636584868,0.04359608,0.01195726
0.802,0.04390880806186304,0.08490024685521062,0.04366644,0.01198079
0.803,0.0435832884765773,0.08457208296013276,0.04372348,0.01199971
0.804,0.04325890471206412,0.08424270642963855,0.04378194,0.01201922
0.805,0.0429356533457451,0.0839121173697234,0.04385393,0.0120436
0.806,0.04261353099324199,0.08358031836937872,0.04391772,0.01206519
0.807,0.04229253430815346,0.08324730735449759,0.04397216,0.01208355
0.808,0.04197265998183806,0.08291308795957089,0.04404407,0.01210821
0.809,0.041653904743203435,0.08257765855885861,0.04410589,0.01212939
0.81,0.041336265358501746,0.08224102137968792,0.04416575,0.01214997
0.811,0.0410197386311311,0.08190317813624794,0.04424244,0.01217666
0.812,0.040704321401443186,0.08156412789429873,0.04429553,0.01219504
0.813,0.04039001054655719,0.08122386701623446,0.04433916,0.01221016
0.814,0.0400768029801783,0.08088240304586194,0.04438043,0.01222453
0.815,0.039764695652428426,0.0805397347238255,0.04446636,0.01225498
0.816,0.03945368554967105,0.08019586541124739,0.04450017,0.0122669
0.817,0.039143769694354506,0.07985078635812258,0.04456669,0.01229065
0.818,0.03883494514485491,0.07950450966363036,0.04465012,0.01232059
0.819,0.03852720899532655,0.07915702686137488,0.04466614,0.01232646
0.82,0.03822055837555839,0.07880834526497785,0.04472215,0.01234681
0.821,0.03791499045083679,0.07845846273100786,0.04481153,0.0123793
0.822,0.03761050242181425,0.07810737954425348,0.04482244,0.01238366
0.823,0.03730709152438444,0.07775509865399673,0.0448753,0.01240326
0.824,0.03700475502956336,0.077401618240199,0.04493367,0.01242499
0.825,0.0367034902433767,0.07704693897356775,0.0450099,0.01245334
0.826,0.036403294506753475,0.0766910659366416,0.04508016,0.01247968
0.827,0.036104165195425995,0.07633399271917288,0.04508191,0.01248133
0.828,0.03580609971983599,0.07597572754786452,0.04511777,0.01249548
0.829,0.03550909552504724,0.07561626651652853,0.0451857,0.01252144
0.83,0.03521315009066453,0.07525561300222684,0.0452408,0.0125429
0.831,0.0349182609307591,0.07489376680010117,0.04527248,0.01255598
0.832,0.034624425593800474,0.07453073067137823,0.04529034,0.01256417
0.833,0.034331641662594975,0.07416650438027832,0.04537144,0.01259562
0.834,0.03403990675423082,0.07380108785683437,0.04538483,0.01260248
0.835,0.03374921852002975,0.07343448572437822,0.04545257,0.01262943
0.836,0.033459574645505676,0.0730666939698131,0.04547777,0.01264095
0.837,0.03317097285032983,0.0726977190888129,0.04549702,0.01265045
0.838,0.03288341088830298,0.07232755975594997,0.04550589,0.01265629
0.839,0.03259688654733471,0.071956217031611,0.04553098,0.01266827
0.84,0.032311397649429516,0.07158369841084294,0.0455505,0.01267837
0.841,0.032026942050680234,0.0712099770471566,0.04555194,0.01268196
0.842,0.03174351764126872,0.07083511744576834,0.04562766,0.01271327
0.843,0.03146112234547376,0.07045906167715335,0.04563448,0.01271924
0.844,0.031179754121686633,0.0700818377644922,0.04565205,0.01272939
0.845,0.030899410962434058,0.06970343902427398,0.04570157,0.01275166
0.846,0.030620090894409008,0.06932387017497461,0.0456527,0.01273745
0.847,0.030341791978509274,0.06894313554167286,0.04566347,0.01274567
0.848,0.030064512309884,0.0685612373241726,0.04568814,0.0127593
0.849,0.029788250017988353,0.0681781752713829,0.04569329,0.01276586
0.85,0.02951300326664641,0.06779395676942845,0.0456932,0.01277066
0.851,0.029238770254122633,0.06740857801058497,0.04569192,0.01277525
0.852,0.028965549213201474,0.06702204976025151,0.0456569,0.01276733
0.853,0.02869333841127632,0.06663435978071894,0.04560262,0.01275234
0.854,0.028422136150446985,0.06624554097696522,0.04563008,0.01276844
0.855,0.02815194076762639,0.06585556909546382,0.0456567,0.01278451
0.856,0.027882750634656627,0.06546445470888647,0.04563125,0.01278111
0.857,0.02761456415843452,0.06507220701707792,0.04555739,0.01275953
0.858,0.027347379781046895,0.06467882247255395,0.04553173,0.01275649
0.859,0.02708119597991591,0.06428430861744297,0.04554228,0.01276752
0.86,0.02681601126795438,0.06388867160864115,0.04546395,0.01274487
0.861,0.026551824193732428,0.06349191205759334,0.04539822,0.01272725
0.862,0.026288633341652816,0.06309403346120666,0.04540295,0.01273688
0.863,0.026026437332139954,0.06269504195240846,0.04533775,0.01271996
0.864,0.02576523482183827,0.062294943359876405,0.04525894,0.01269803
0.865,0.02550502450382286,0.06189374361480336,0.04524953,0.01270311
0.866,0.025245805107821997,0.06149143967850429,0.04513547,0.01266807
0.867,0.024987575400451857,0.06108804463936128,0.0450727,0.01265309
0.868,0.02473033418546379,0.06068356076757209,0.04498926,0.01263037
0.869,0.024474080304004636,0.06027799351591458,0.04490629,0.01260808
0.87,0.024218812634890258,0.05987135004647613,0.04484534,0.01259463
0.871,0.023964530094892855,0.05946363034077297,0.04475043,0.01256825
0.872,0.023711231639042492,0.05905484201563364,0.04463067,0.01253243
0.873,0.023458916260943038,0.05864499394080422,0.0445543,0.01251383
0.874,0.023207582993103323,0.05823408852826041,0.04444888,0.01248415
0.875,0.022957230907283705,0.0578221357107678,0.04427849,0.01242927
0.876,0.02270785911485874,0.05740913096507564,0.04421069,0.0124149
0.877,0.022459466767196304,0.05699509249247643,0.04407518,0.01237422
0.878,0.02221205305605393,0.05658001913000275,0.04394904,0.01233751
0.879,0.021965617213992768,0.05616392126627476,0.04382736,0.01230286
0.88,0.02172015851480987,0.05574680343046605,0.04368599,0.0122607
0.881,0.021475676273989403,0.055328668085707675,0.04351951,0.01220889
0.882,0.021232169849172998,0.05490952788029413,0.04336977,0.01216398
0.883,0.020989638640652952,0.05448938524791984,0.04320596,0.01211378
0.884,0.020748082091881125,0.05406824725972932,0.04308215,0.01207978
0.885,0.020507499690005378,0.05364612130482442,0.0429167,0.01202953
0.886,0.020267890966425617,0.05322300944194927,0.04272189,0.01196784
0.887,0.020029255497374023,0.05279892424187792,0.04254891,0.01191516
0.888,0.019791592904519706,0.05237386779067029,0.04237167,0.01186109
0.889,0.019554902855598712,0.05194785373696362,0.04218979,0.01180544
0.89,0.01931918506507047,0.05152087460817615,0.04200735,0.01174993
0.891,0.019084439294801626,0.05109295360679007,0.0417924,0.01168162
0.892,0.01885066535477845,0.05066408767117702,0.04159147,0.01161929
0.893,0.01861786310384898,0.05023427980707741,0.04137815,0.01155224
0.894,0.018386032450496123,0.04980354029867049,0.041167,0.01148641
0.895,0.018155173353643025,0.04937188175944145,0.04098097,0.01143106
0.896,0.017925285823492076,0.048939302288804026,0.04072716,0.01134861
0.897,0.017696369922399046,0.04850582078823817,0.04052219,0.01128624
0.898,0.017468425765783818,0.04807142062043024,0.04027482,0.01120706
0.899,0.017241453523079424,0.0476361411146852,0.04002471,0.01112705
0.9,0.017015453418721,0.047199949820871556,0.03979344,0.01105504
0.901,0.01679042573317659,0.046762884826980454,0.03957173,0.01098727
0.902,0.01656637080402159,0.0463249341765016,0.03931329,0.0109049
0.903,0.016343289027058974,0.045886115772159904,0.03904761,0.0108199
0.904,0.01612118085748741,0.04544643799025965,0.03877818,0.0107337
0.905,0.01590004681111954,0.045005885391618684,0.03853128,0.0106571
0.906,0.01567988746565284,0.044564491526602634,0.03828935,0.0105829
0.907,0.015460703461995668,0.04412224363492821,0.03800667,0.01049236
0.908,0.01524249550565119,0.04367915591733074,0.03771746,0.0103995
0.909,0.015025264368162074,0.04323523402220204,0.03742342,0.01030503
0.91,0.01480901088861894,0.0427904808317146,0.03714264,0.01021638
0.911,0.014593735975236811,0.04234491113962166,0.03688492,0.01013759
0.912,0.014379440606999958,0.04189851850932329,0.03657434,0.01003742
0.913,0.014166125835384086,0.04145131166267762,0.03627984,0.0099443
0.914,0.013953792786154582,0.04100331211053394,0.0359535,0.0098384
0.915,0.013742442661248161,0.04055450019389866,0.03569768,0.00976206
0.916,0.013532076740741413,0.0401048951579884,0.03535794,0.00965141
0.917,0.013322696384911186,0.03965451395935384,0.03504262,0.00955122
0.918,0.013114303036391974,0.039203333174892295,0.03475137,0.00946153
0.919,0.012906898222435762,0.038751391470452694,0.03440328,0.00934863
0.92,0.012700483557280318,0.03829866971952714,0.03408853,0.00924998
0.921,0.012495060744632136,0.03784518866944439,0.03378262,0.00915544
0.922,0.012290631580270902,0.037390936859509255,0.03343329,0.00904335
0.923,0.012087197954782672,0.036935950144421664,0.03312761,0.00894977
0.924,0.011884761856429648,0.03648018498556987,0.03648018,0.0112735
0.925,0.011683325374164878,0.0360210084758119,0.03602101,0.01109171
0.926,0.01148289070080095,0.03556124651880892,0.03556128,0.01090992
0.927,0.011283460136342446,0.03510089832536726,0.03510089,0.01072786
0.928,0.011085036091492596,0.0346399672770396,0.03464004,0.01054881
0.929,0.010887621091345473,0.034178447221682916,0.03417847,0.01036797
0.93,0.010691217779275885,0.03371634996612239,0.03371639,0.0101888
0.931,0.01049582892104108,0.03325367921277825,0.03325385,0.01000961
0.932,0.010301457409106098,0.03279041404345106,0.03279042,0.00983287
0.933,0.010108106267211946,0.03232658039014296,0.03232659,0.00965585
0.934,0.009915778655200533,0.031862171164130475,0.03186218,0.00947831
0.935,0.009724477874115933,0.031397190980647936,0.03139733,0.00930387
0.936,0.009534207371601763,0.030931627528972216,0.03093167,0.00912791
0.937,0.009344970747616282,0.030465496857748717,0.03046549,0.00895414
0.938,0.009156771760489043,0.029998796768508827,0.02999885,0.00877977
0.939,0.00896961433334474,0.029531524727302607,0.02953152,0.00860678
0.94,0.008783502560922944,0.02906370348213512,0.02906374,0.00843639
0.941,0.008598440716824233,0.028595283889589186,0.02859535,0.00826329
0.942,0.008414433261217052,0.028126319054855683,0.02812654,0.00809266
0.943,0.008231484849042526,0.02765678717210407,0.02765679,0.00792086
0.944,0.008049600338758277,0.02718668545608403,0.02718667,0.00775197
0.945,0.00786878480166656,0.026716026082348472,0.02671614,0.00758475
0.946,0.007689043531876669,0.02624480705323142,0.02624495,0.00741664
0.947,0.007510382056956865,0.02577303749171515,0.02577345,0.00724912
0.948,0.0073328061493370365,0.025300694196879157,0.02530083,0.00708355
0.949,0.007156321838530021,0.024827800257453222,0.02482786,0.00691803
0.95,0.006980935424247158,0.024354354340452418,0.02435445,0.006753
0.951,0.006806653490492199,0.02388035633469664,0.02388036,0.00658853
0.952,0.006633482920727595,0.023405805007170728,0.02340611,0.00642635
0.953,0.006461430914218325,0.02293070418295857,0.02293075,0.00626309
0.954,0.006290505003671206,0.022455039787060187,0.02245505,0.00610239
0.955,0.0061207130743022985,0.021978845000135173,0.02197924,0.00594191
0.956,0.005952063384481842,0.021502094156665572,0.02150262,0.00578274
0.957,0.005784564588125544,0.021024804110955187,0.02102566,0.00562365
0.958,0.005618225759023519,0.020546941409694194,0.02054694,0.00546644
0.959,0.005453056417324145,0.020068576406337038,0.02006971,0.00530921
0.96,0.005289066558420417,0.019589622959049018,0.01958962,0.00515335
0.961,0.005126266684521734,0.019110150050334247,0.01911015,0.00499799
0.962,0.004964667839235448,0.018630139156171153,0.01863025,0.00484405
0.963,0.004804281645531699,0.018149602397706143,0.01815058,0.00469061
0.964,0.00464512034752136,0.017668496907896673,0.01766868,0.00453822
0.965,0.004487196856547714,0.017186905006427177,0.01718893,0.00438759
0.966,0.0043305248021713585,0.01670471819957273,0.01670468,0.00423747
0.967,0.0041751185887271775,0.016222033422520103,0.01622387,0.00408757
0.968,0.004020993458249068,0.015738770215680514,0.01573877,0.00393954
0.969,0.0038681655607003527,0.015255022554578397,0.01525556,0.0037929
0.97,0.0037166520326207264,0.014770717792349031,0.01477125,0.00364603
0.971,0.0035664710855123345,0.014285892097198032,0.01428613,0.00350078
0.972,0.0034176421055481564,0.013800533604383535,0.01380089,0.00335774
0.973,0.003270185766509347,0.013314685383369933,0.01331781,0.00321458
0.974,0.0031241241582617113,0.01282825422568692,0.01282983,0.00307294
0.975,0.0029794809335897277,0.012341300041340247,0.0123418,0.00293299
0.976,0.0028362814768511445,0.011853840314196739,0.01185454,0.00279388
0.977,0.0026945530987403927,0.011365849635197475,0.01136588,0.00265568
0.978,0.002554325262515471,0.01087736623958595,0.01087966,0.00251963
0.979,0.002415629848435197,0.010388431706168958,0.01038818,0.00238271
0.98,0.0022785014649917557,0.00989877305295168,0.00990037,0.00225032
0.981,0.0021429778179794822,0.009408693611723027,0.0094094,0.00211783
0.982,0.00200910015176604,0.008918120580996091,0.00892019,0.00198701
0.983,0.0018769137817005765,0.00842700681730799,0.00842868,0.00185731
0.984,0.0017464687429689897,0.007935373865933076,0.00793583,0.00172936
0.985,0.0016178205902647265,0.007444957232243731,0.0074485,0.00160446
0.986,0.0014910313957664676,0.0069505992776496784,0.00695318,0.00147836
0.987,0.001366171012349531,0.00645744486191763,0.00645739,0.00135496
0.988,0.001243318698466983,0.005963844779708242,0.00596879,0.00123459
0.989,0.0011225652472221174,0.005469552950292027,0.00547036,0.00111508
