Rate,Weight,Time,ell,p,i
0.01,0.0050100000000000006,3.615440736773008e-05,6.50559972e-08,9.20288436e-10,4.57176873e-10
0.011,0.0055049999999999995,4.3758703381781866e-05,1.20902143e-05,2.74089858e-07,1.36952906e-07
0.012,0.006,5.200076385371737e-05,1.42834265e-06,1.71710547e-07,7.06145883e-08
0.013,0.006495,6.110578901765242e-05,2.46460879e-06,9.38650282e-08,3.23837248e-08
0.014,0.0069900000000000006,7.083796858412497e-05,2.28954465e-06,1.0606244e-07,3.55461899e-08
0.015,0.0074849999999999995,8.130656430264241e-05,2.13037339e-06,1.41993061e-07,5.45056449e-08
0.016,0.007980000000000001,9.26312454512203e-05,1.73685514e-05,4.57233665e-07,1.72503093e-07
0.017,0.008475000000000002,0.0001044707714979851,9.19400654e-06,2.23377099e-07,1.10633664e-07
0.018,0.008969999999999999,0.00011707820430022296,9.35514946e-06,1.21309585e-06,5.75966791e-07
0.019,0.009465,0.00013030089388063368,6.37245728e-06,8.08474435e-07,3.81550058e-07
0.02,0.00996,0.00014444768775764735,4.7818176e-06,5.45162636e-07,2.45986131e-07
0.021,0.010455,0.0001591903286249035,8.09168394e-06,1.10337236e-06,5.21748567e-07
0.022,0.01095,0.0001747535072717028,7.11838685e-06,8.89335345e-07,4.09775778e-07
0.023,0.011445,0.0001909793553615136,1.00177929e-05,1.36592614e-06,6.38691601e-07
0.024,0.011940000000000001,0.00020798218903194613,9.04414198e-06,1.22174258e-06,5.77608617e-07
0.025,0.012435000000000002,0.00022569195644713436,1.4297609e-05,1.92963553e-06,9.01189748e-07
0.026,0.01293,0.00024410146316307003,1.31336375e-05,1.83897081e-06,8.5243298e-07
0.027,0.013425000000000001,0.0002632607131390317,1.52846372e-05,2.16350173e-06,1.01723224e-06
0.028,0.013920000000000002,0.00028313954802980157,1.59665392e-05,2.2713758e-06,1.08880484e-06
0.029,0.014415000000000002,0.00030375415147140795,1.8308534e-05,2.63436698e-06,1.2264276e-06
0.03,0.014910000000000001,0.00032509608454012423,1.84600785e-05,2.58077897e-06,1.17570014e-06
0.031,0.015403000000000002,0.0003471502925221479,2.24504118e-05,3.24839025e-06,1.56219155e-06
0.032,0.015896,0.0003699384005553998,2.35136463e-05,3.43279696e-06,1.64405747e-06
0.033,0.016389,0.000393453356797438,2.59419523e-05,3.75683776e-06,1.67587343e-06
0.034,0.016882,0.00041770837093478433,2.69302381e-05,3.97544767e-06,1.80038723e-06
0.035,0.017375,0.00044269779071992593,2.80925485e-05,4.15905381e-06,1.93966675e-06
0.036,0.017868,0.0004683887810625087,2.91961105e-05,4.32251435e-06,2.0790678e-06
0.037,0.018361,0.000494832546862045,3.59732284e-05,5.43619502e-06,2.52491599e-06
0.038,0.018854,0.0005219494444420558,3.77217672e-05,5.68699083e-06,2.53547591e-06
0.039,0.019347,0.0005498790136184945,3.87536839e-05,5.88920181e-06,2.76496567e-06
0.04,0.01984,0.0005785041008118406,4.17073999e-05,6.34922459e-06,2.89685038e-06
0.041,0.020331000000000002,0.0006078273887004707,4.54689966e-05,6.96587077e-06,3.1223583e-06
0.042,0.020822000000000004,0.0006378617847374873,4.77499417e-05,7.36670687e-06,3.24693882e-06
0.043,0.021313,0.0006687321440511404,4.769849e-05,7.34932051e-06,3.50571501e-06
0.044,0.021804,0.0007002874047995045,5.09181877e-05,7.88083546e-06,3.73643974e-06
0.045,0.022295,0.0007325864465646554,5.27741837e-05,8.16062151e-06,3.86180083e-06
0.046,0.022786,0.0007656293581337117,5.34646569e-05,8.2590291e-06,3.91754509e-06
0.047,0.023277000000000003,0.000799292520536327,6.35940995e-05,9.98042501e-06,4.67010411e-06
0.048,0.023768,0.0008337558283829791,7.62655008e-05,1.2254212e-05,5.28502759e-06
0.049,0.024259000000000003,0.0008690736491771177,7.49108802e-05,1.20157182e-05,4.94365281e-06
0.05,0.02475,0.0009052738548592415,8.85401016e-05,1.4399781e-05,5.97245397e-06
0.051,0.025238999999999998,0.000941650206303207,8.13672458e-05,1.30417536e-05,5.97798195e-06
0.052,0.025727999999999997,0.0009795911223343704,8.96759813e-05,1.46746304e-05,7.31989857e-06
0.053,0.026217,0.0010175081861628229,0.000112681204,1.87077429e-05,8.0143704e-06
0.054,0.026706,0.0010561404066528719,9.08778423e-05,1.47023914e-05,6.28612745e-06
0.055,0.027195,0.0010957545997727714,9.69084783e-05,1.57715476e-05,7.02530868e-06
0.056,0.027684,0.0011358927526902486,9.91512143e-05,1.6116414e-05,6.81458139e-06
0.057,0.028173,0.0011778532502495992,8.37301748e-05,1.33510538e-05,5.36682682e-06
0.058,0.028662000000000003,0.0012192914738048568,0.000137693465,2.34004253e-05,1.06959822e-05
0.059,0.029151,0.0012616781612033892,0.000127945192,2.13426937e-05,8.72367975e-06
0.06,0.02964,0.001304931770480116,0.000125598621,2.05924544e-05,9.33679679e-06
0.061,0.030127,0.0013487204355099808,0.000131656679,2.20598686e-05,9.28805256e-06
0.062,0.030614000000000002,0.0013940283130955597,0.00010994361,1.79670207e-05,8.07870146e-06
0.063,0.031101000000000004,0.0014389596313855299,0.000133134398,2.22465915e-05,9.2797132e-06
0.064,0.031588000000000005,0.001485528632471459,0.000148917724,2.51028055e-05,1.11848549e-05
0.065,0.032075000000000006,0.001532209482373301,0.000150840588,2.55276476e-05,1.06105835e-05
0.066,0.03256200000000001,0.0015802827324821632,0.000156325014,2.65749341e-05,1.16301483e-05
0.067,0.03304900000000001,0.00162852929402793,0.000165049731,2.81520128e-05,1.17702084e-05
0.068,0.033536,0.0016779449293756324,0.000169684236,2.88811167e-05,1.30865064e-05
0.069,0.034023000000000005,0.0017278921136933772,0.000184004623,3.17500162e-05,1.3555859e-05
0.07,0.034510000000000006,0.00177844467992403,0.000172333,2.94710817e-05,1.36935941e-05
0.071,0.035003,0.0018301750489827533,0.00019160097,3.31185837e-05,1.41949809e-05
0.072,0.035496,0.0018819148868523409,0.000193757055,3.34609084e-05,1.35660984e-05
0.073,0.03598899999999999,0.0019352244909273603,0.000204257331,3.55715164e-05,1.59878885e-05
0.074,0.036481999999999994,0.001988958951217431,0.000201713827,3.49139244e-05,1.48164889e-05
0.075,0.036974999999999994,0.002042643024118032,0.000223277507,3.90781562e-05,1.57120891e-05
0.076,0.037467999999999994,0.0020986568445671293,0.000233434231,4.11560878e-05,1.81212022e-05
0.077,0.037960999999999995,0.0021544237700639257,0.00023249809,4.0819469e-05,1.68799904e-05
0.078,0.038453999999999995,0.002210199863972877,0.000235966852,4.13921106e-05,1.62196179e-05
0.079,0.038946999999999996,0.002268708018462712,0.000250355259,4.43645539e-05,1.9483841e-05
0.08,0.039439999999999996,0.00232680397442553,0.000243672773,4.28346107e-05,1.77125683e-05
0.081,0.039923999999999994,0.0023847930167632137,0.000257060978,4.5416664e-05,1.75870958e-05
0.082,0.040408,0.002445468924219579,0.000267823701,4.76792891e-05,2.11870068e-05
0.083,0.040892,0.00250599144538877,0.000268626443,4.76612891e-05,1.97946626e-05
0.084,0.041376,0.0025665571456012473,0.000267684195,4.73267311e-05,1.84574774e-05
0.085,0.04186,0.0026289925029494574,0.00027275509,4.83774752e-05,2.16060557e-05
0.086,0.04234399999999999,0.00269253074558776,0.000263809045,4.65122326e-05,1.92114358e-05
0.087,0.042828,0.002755403296830475,0.000277351104,4.9056094e-05,1.99389261e-05
0.088,0.043311999999999996,0.002818463596906639,0.000365136334,6.70463262e-05,2.58683196e-05
0.089,0.043796,0.002884209376130725,0.00035237893,6.44721714e-05,2.85880235e-05
0.09,0.04428,0.002951342822915549,0.000285161971,5.05415372e-05,2.02500017e-05
0.091,0.044772,0.0030163028519832468,0.000354706788,6.46382875e-05,2.6760997e-05
0.092,0.045264,0.0030827070459509345,0.000389023636,7.04643782e-05,2.62915865e-05
0.093,0.045756000000000005,0.003152998259555248,0.000367733428,6.78413596e-05,2.6994582e-05
0.094,0.046248000000000004,0.0032219346699129633,0.000325067611,5.83103036e-05,2.62274494e-05
0.095,0.046740000000000004,0.003289809807744986,0.000398077863,7.33521094e-05,2.94784496e-05
0.096,0.047232,0.0033623253887941195,0.000282868447,4.94151658e-05,1.91039834e-05
0.097,0.047724,0.0034302870346938396,0.000416660148,7.72878938e-05,3.50917401e-05
0.098,0.04821600000000001,0.003503031391111801,0.000423054741,7.84118663e-05,3.4213378e-05
0.099,0.04870800000000001,0.0035771471007172363,0.000457504549,8.61247875e-05,3.15424548e-05
0.1,0.04920000000000001,0.0036485037344403995,0.00045568428,8.50215748e-05,3.23507364e-05
0.101,0.049681,0.00372113166339993,0.000460480067,8.57669203e-05,3.17935082e-05
0.102,0.050162,0.0037968306915176745,0.000483724315,9.07148131e-05,4.04446896e-05
0.103,0.050643,0.0038773034251643364,0.000340069049,6.06136894e-05,2.58581067e-05
0.104,0.051123999999999996,0.003951200089425611,0.000529537639,0.000100789395,4.4665446e-05
0.105,0.051605,0.00402892335156962,0.000631929996,0.000123191021,4.99500605e-05
0.106,0.052086,0.0041046446141314126,0.000490744108,9.17664562e-05,3.84668912e-05
0.107,0.052566999999999996,0.004179663107176985,0.00054202363,0.000102460116,3.6536963e-05
0.108,0.053048,0.004263264063143773,0.000546862717,0.000104402635,4.20780647e-05
0.109,0.053529,0.00434548402269101,0.000590036707,0.000114075928,4.1866858e-05
0.11,0.05401,0.00442500965758753,0.000609308293,0.000114636073,4.559961e-05
0.111,0.054489,0.004504978614220649,0.000612505609,0.000117686256,4.47853081e-05
0.112,0.054968,0.0045866080897429065,0.000562249996,0.000105599191,3.66697601e-05
0.113,0.055447,0.004666871144884596,0.00058278117,0.000110469102,3.95322456e-05
0.114,0.055926000000000003,0.004754557487605908,0.000615633945,0.000118320151,5.14772137e-05
0.115,0.056405000000000004,0.004842553566017553,0.000569504398,0.000108432609,4.07274899e-05
0.116,0.056884000000000004,0.004926103837249395,0.000681098229,0.000132293095,5.31105949e-05
0.117,0.057363000000000004,0.005013330353722951,0.00077456049,0.000153431325,5.62617063e-05
0.118,0.057842,0.005097498937954516,0.000685001234,0.000132561473,4.87874732e-05
0.119,0.058321,0.005183841376272177,0.000669625639,0.000128741211,4.85704326e-05
0.12,0.0588,0.005269229174837867,0.000719030584,0.000138950597,4.67369151e-05
0.121,0.059277,0.005364465636056633,0.000735919195,0.000144201015,6.07684983e-05
0.122,0.059754,0.00545565809735936,0.000742903503,0.000145297738,5.95249576e-05
0.123,0.060231,0.005548156598584102,0.000764144813,0.000150177907,5.42467951e-05
0.124,0.060708000000000005,0.005638066428294313,0.000781511074,0.000153347579,5.88110648e-05
0.125,0.061185,0.005729513568794628,0.000761297094,0.000148436574,5.63806288e-05
0.126,0.061662,0.005821260059657304,0.000880047955,0.000175275536,6.40254215e-05
0.127,0.06213900000000001,0.005912766430598897,0.000772158749,0.000150674618,4.60673134e-05
0.128,0.062616,0.006011436949838673,0.00078895284,0.000154708132,6.59496297e-05
0.129,0.06309300000000001,0.006108274201994476,0.000844345662,0.000167310973,7.00951022e-05
0.13,0.06357000000000002,0.00620595080728231,0.000909024727,0.000181974451,7.1438851e-05
0.131,0.064059,0.0063032478836374676,0.000887331382,0.00017624161,7.01980636e-05
0.132,0.06454800000000001,0.006400463851478874,0.000911494897,0.000181594529,6.83886092e-05
0.133,0.065037,0.006497908144603052,0.00089747263,0.000177960856,6.40013573e-05
0.134,0.065526,0.006595261831546505,0.000939259649,0.000187180758,6.50711005e-05
0.135,0.066015,0.006692674147959985,0.000953918739,0.000190122282,6.37624864e-05
0.136,0.06650400000000001,0.006790043307446555,0.000972025337,0.000194029196,6.2034299e-05
0.137,0.06699300000000001,0.006900449608568863,0.00101528609,0.00020553368,8.76100748e-05
0.138,0.067482,0.007004905558835189,0.00102103301,0.000206449656,8.49632286e-05
0.139,0.067971,0.007109441577517379,0.00104931751,0.000212702699,8.37039751e-05
0.14,0.06846000000000001,0.007213939642234981,0.00104626661,0.000211385534,8.1209283e-05
0.141,0.068934,0.007318418224026579,0.00107103984,0.000216844197,7.99026297e-05
0.142,0.069408,0.00742314653919789,0.00105004769,0.000211338112,7.75110298e-05
0.143,0.069882,0.007527453038254485,0.0011086635,0.000224709277,7.79470814e-05
0.144,0.070356,0.007631938121110184,0.00111793693,0.000226512878,7.4723621e-05
0.145,0.07083,0.00773645365850766,0.00113902,0.000230937997,7.42062442e-05
0.146,0.071304,0.007841081061144948,0.00119584422,0.000244071886,7.44599198e-05
0.147,0.07177800000000001,0.007963131359793648,0.00117309,0.00024048,0.0001009
0.148,0.07225200000000001,0.008075867007533757,0.00120576,0.00024781,0.00010043
0.149,0.07272600000000001,0.008188755232471704,0.00122853,0.00025263,0.00010125
0.15,0.0732,0.008301360022558393,0.00122946621,0.000252461487,9.52770642e-05
0.151,0.073688,0.008414339304048163,0.00124400955,0.0002552724,9.68420317e-05
0.152,0.074176,0.008526833443684661,0.00126413524,0.000259717443,9.19548683e-05
0.153,0.074664,0.008639543765679762,0.0013063281,0.000269333077,9.24803303e-05
0.154,0.075152,0.008752313364371926,0.00132943752,0.000274418987,9.01156215e-05
0.155,0.07564,0.008865034835202665,0.00134532259,0.00027762201,8.89421949e-05
0.156,0.076128,0.008977803104517769,0.00134810833,0.000277844124,8.5082488e-05
0.157,0.076616,0.00909055135669534,0.00140450342,0.000290745574,8.81752374e-05
0.158,0.07710399999999999,0.009222456955179953,0.00141728,0.00029663,0.00012438
0.159,0.077592,0.0093448382499376,0.00142115,0.00029697,0.00012071
0.16,0.07808,0.009467231365171563,0.00146467,0.0003071,0.00012054
0.161,0.078551,0.009589593007286882,0.00147498,0.00030897,0.00011811
0.162,0.079022,0.00971199217171,0.00149659,0.00031362,0.00011642
0.163,0.079493,0.009834388177638306,0.00151263,0.00031693,0.00011409
0.164,0.079964,0.009956755205486618,0.00154668,0.00032475,0.00011288
0.165,0.08043499999999999,0.01007915460014283,0.00156289,0.00032805,0.00011092
0.166,0.080906,0.010201536823386871,0.00159079,0.00033432,0.00010931
0.167,0.081377,0.010323961592301095,0.00163211,0.00034399,0.00010784
0.168,0.081848,0.010446310215047622,0.00163779,0.00034465,0.00010571
0.169,0.082319,0.010568705775708506,0.00166127,0.00034988,0.00010317
0.17,0.08279,0.010691083323110218,0.00167962,0.00035372,0.00010156
0.171,0.083277,0.010813465981476028,0.00171023,0.00036063,0.00010055
0.172,0.08376399999999999,0.010970147311115822,0.00172558,0.00036816,0.00014978
0.173,0.08425099999999999,0.011104011849205776,0.00175318,0.00037439,0.00014763
0.174,0.084738,0.011237865317442442,0.00177932,0.00038022,0.00014603
0.175,0.085225,0.011371724495296864,0.00180717,0.00038653,0.00014381
0.176,0.08571199999999998,0.011505580466147268,0.00182338,0.00038984,0.00014155
0.177,0.08619899999999998,0.011639435359908367,0.00185654,0.00039756,0.000139
0.178,0.08668599999999999,0.011773299807449504,0.00190007,0.00040777,0.00013896
0.179,0.08717299999999999,0.01190714085935468,0.00191319,0.00041034,0.00013585
0.18,0.08765999999999999,0.012041003716786017,0.001932,0.00041436,0.00013294
0.181,0.08812799999999998,0.012174861562933818,0.00196435,0.00042176,0.00013157
0.182,0.088596,0.012308719592821739,0.00198741,0.00042682,0.00012961
0.183,0.08906399999999999,0.012442590117967549,0.00202811,0.00043635,0.00012863
0.184,0.08953199999999999,0.01257642650556817,0.00204848,0.00044076,0.00012638
0.185,0.09,0.012710286054435064,0.00206477,0.00044416,0.000123
0.186,0.09046799999999999,0.01284413478713546,0.00209624,0.00045139,0.00012125
0.187,0.090936,0.013014752670070571,0.00209754,0.00045696,0.00018706
0.188,0.091404,0.013162459161078255,0.00212212,0.00046249,0.00018414
0.189,0.091872,0.013310176260945132,0.00216118,0.00047177,0.00018224
0.19,0.09234,0.013457899901331161,0.00220436,0.00048199,0.00018197
0.191,0.092806,0.013605616004779655,0.00221955,0.00048511,0.0001776
0.192,0.09327200000000001,0.013753331112004843,0.0022548,0.00049342,0.00017531
0.193,0.093738,0.013901052675449558,0.00228649,0.0005007,0.0001735
0.194,0.094204,0.014048769014923829,0.00231312,0.00050675,0.00017067
0.195,0.09467,0.014196485266610857,0.00234606,0.00051435,0.00016918
0.196,0.095136,0.014344199131523875,0.00238108,0.00052261,0.00016671
0.197,0.095602,0.014491920986852114,0.00241325,0.00053007,0.00016446
0.198,0.096068,0.014639639804480088,0.00243974,0.00053604,0.00016201
0.199,0.096534,0.014787350069137308,0.00247926,0.00054544,0.00016033
0.2,0.097,0.014935068632660257,0.00249968,0.00054981,0.00015765
0.201,0.097485,0.015082784663065275,0.00253327,0.00055773,0.00015461
0.202,0.09797,0.015230508189220938,0.00256102,0.00056401,0.00015227
0.203,0.098455,0.015378227865144315,0.00258979,0.00057061,0.00014965
0.204,0.09894,0.015525949512380725,0.00260788,0.0005743,0.00014769
0.205,0.099425,0.01567365925718713,0.00265585,0.00058595,0.00014576
0.206,0.09991,0.01582137843004687,0.00268136,0.00059163,0.00014357
0.207,0.100395,0.016042317799246066,0.00267747,0.00059852,0.00023383
0.208,0.10088,0.016207134603251534,0.00270296,0.00060427,0.0002303
0.209,0.101365,0.016371940465293,0.00274744,0.00061514,0.00022793
0.21,0.10185,0.016536760272720698,0.00279135,0.0006258,0.00022591
0.211,0.10231299999999999,0.016701571570321833,0.00280885,0.00062945,0.00022146
0.212,0.10277599999999999,0.016866381184924756,0.0028503,0.00063939,0.00021997
0.213,0.103239,0.017031188245818084,0.00288992,0.00064898,0.00021698
0.214,0.10370199999999999,0.01719600702160559,0.00293358,0.00065956,0.00021519
0.215,0.104165,0.017360816624817754,0.00295446,0.00066418,0.00021039
0.216,0.10462799999999998,0.017525624834485904,0.00299826,0.0006748,0.00020857
0.217,0.10509099999999999,0.01769044173644073,0.00304765,0.00068688,0.00020756
0.218,0.105554,0.017855252672422744,0.00308473,0.0006958,0.00020431
0.219,0.10601699999999999,0.018020063618212862,0.00311831,0.00070376,0.00020109
0.22,0.10647999999999999,0.018184879911184934,0.00315356,0.00071216,0.00019791
0.221,0.10696399999999999,0.01834968832735251,0.00317672,0.00071725,0.00019457
0.222,0.10744799999999999,0.018514506684407746,0.00323064,0.00073045,0.00019465
0.223,0.107932,0.01867931457107119,0.00325695,0.00073654,0.00019
0.224,0.108416,0.01884412063933173,0.00329232,0.00074492,0.0001875
0.225,0.1089,0.019008937275599734,0.00332703,0.00075304,0.00018552
0.226,0.109384,0.019173745674651445,0.00336789,0.00076301,0.00018223
0.227,0.109868,0.01933855811278195,0.00340655,0.00077223,0.0001803
0.228,0.110352,0.01950337229772267,0.00344513,0.00078154,0.00017722
0.229,0.110836,0.019668181360339872,0.00348119,0.00079018,0.00017407
0.23,0.11132,0.019938924539616702,0.00340246,0.00078082,0.00029838
0.231,0.11178,0.020125355268032302,0.00345047,0.00079277,0.00029578
0.232,0.11224,0.020311792075485346,0.00348958,0.00080223,0.0002927
0.233,0.11270000000000001,0.02049822182471639,0.00353034,0.00081232,0.00028845
0.234,0.11316000000000001,0.020684652632236986,0.00358467,0.00082596,0.00028681
0.235,0.11362,0.020871084656224014,0.00362473,0.00083579,0.00028299
0.236,0.11407999999999999,0.02105751847855445,0.00368008,0.0008498,0.00028078
0.237,0.11453999999999999,0.021243951017886013,0.0037173,0.00085883,0.00027684
0.238,0.11499999999999999,0.021430383586383668,0.00376147,0.00086969,0.00027415
0.239,0.11546,0.021616816163331568,0.00380362,0.00088006,0.00027077
0.24,0.11592,0.02180324672578497,0.00385558,0.00089315,0.00026817
0.241,0.11640299999999999,0.021989682974240324,0.0038822,0.00089922,0.00026362
0.242,0.11688599999999999,0.02217611496443137,0.00394212,0.00091448,0.00026184
0.243,0.117369,0.022362545089639384,0.00398585,0.00092532,0.00025834
0.244,0.117852,0.022548976223149275,0.00402664,0.00093526,0.00025531
0.245,0.118335,0.02273541168591482,0.00407601,0.00094761,0.00025258
0.246,0.118818,0.022921841566660422,0.00411498,0.0009571,0.000249
0.247,0.11930099999999999,0.023108274203303483,0.0041598,0.0009682,0.00024592
0.248,0.119784,0.023294710934720138,0.00419991,0.0009779,0.00024312
0.249,0.120267,0.02348113987637349,0.00425071,0.00099079,0.00023957
0.25,0.12075,0.023667572798225626,0.00428501,0.00099892,0.00023612
0.251,0.121207,0.023854006560592157,0.00434529,0.00101432,0.00023408
0.252,0.121664,0.024040439516521406,0.00437986,0.0010226,0.00023007
0.253,0.12212100000000001,0.024226869481164537,0.00442786,0.00103455,0.0002274
0.254,0.122578,0.024413302666900165,0.00446667,0.00104402,0.00022362
0.255,0.123035,0.024599735121088102,0.00451508,0.0010561,0.00022094
0.256,0.123492,0.02478616730488632,0.00456143,0.00106763,0.00021794
0.257,0.123949,0.024972601353087574,0.004594,0.00107531,0.00021406
0.258,0.12440600000000002,0.025159033544419396,0.00464964,0.00108934,0.00021235
0.259,0.12486300000000002,0.025345464766656577,0.00469437,0.0011005,0.00020861
0.26,0.12532000000000001,0.025730365209915246,0.00451661,0.00107,0.00038676
0.261,0.12580200000000002,0.025945038874462832,0.00456719,0.00108291,0.00038281
0.262,0.126284,0.026159711369213287,0.00462522,0.00109805,0.00037896
0.263,0.12676600000000002,0.026374383741463024,0.00468201,0.00111276,0.00037537
0.264,0.127248,0.02658906146232605,0.00474413,0.00112885,0.00037312
0.265,0.12773,0.02680373147140934,0.00477936,0.00113749,0.00036717
0.266,0.12821200000000002,0.027018404504757353,0.00483935,0.00115314,0.00036372
0.267,0.128694,0.027233079185984624,0.00489845,0.00116848,0.00036051
0.268,0.129176,0.027447751158453333,0.00495086,0.00118196,0.00035646
0.269,0.129658,0.027662424981222504,0.0050103,0.00119737,0.00035348
0.27,0.13014,0.02787709693140739,0.00507033,0.00121309,0.00034975
0.271,0.130594,0.028091769594622958,0.0051175,0.00122499,0.00034569
0.272,0.131048,0.028306445212252236,0.00516502,0.00123694,0.00034193
0.273,0.131502,0.028521117125739234,0.00522829,0.00125358,0.00033846
0.274,0.13195600000000002,0.028735789363316975,0.00527802,0.00126626,0.00033437
0.275,0.13241,0.028950463888108034,0.00533528,0.00128112,0.00033078
0.276,0.13286399999999998,0.029165135199449285,0.00539505,0.00129666,0.00032762
0.277,0.133318,0.02937980826294035,0.00544721,0.00131005,0.0003236
0.278,0.133772,0.02959448208499778,0.00550858,0.00132611,0.0003202
0.279,0.134226,0.0298091576383916,0.00555101,0.00133662,0.00031596
0.28,0.13468000000000002,0.03002383158487816,0.00561226,0.00135257,0.00031294
0.281,0.135132,0.03023850342970552,0.00566232,0.00136536,0.00030882
0.282,0.13558399999999995,0.030453175609974577,0.00572624,0.00138215,0.00030566
0.283,0.13603599999999996,0.030667849774566956,0.00578091,0.00139618,0.00030235
0.284,0.13648799999999997,0.030882522806803075,0.0058302,0.00140874,0.00029815
0.285,0.13693999999999998,0.031097194863239086,0.00588305,0.0014224,0.00029379
0.286,0.137392,0.031311868672025574,0.00594444,0.00143849,0.00029027
0.287,0.13784399999999997,0.03152654111108144,0.00599776,0.00145214,0.00028676
0.288,0.13829599999999997,0.03174121575177062,0.00606338,0.00146944,0.00028362
0.289,0.13874799999999998,0.03195588965311789,0.00611635,0.00148302,0.00027996
0.29,0.1392,0.0321705618902882,0.00617255,0.00149759,0.00027618
0.291,0.13968,0.03238523426940026,0.00622355,0.00151064,0.00027213
0.292,0.14015999999999998,0.03259990731107162,0.00627462,0.00152368,0.00026829
0.293,0.14064,0.03281458130899955,0.0063241,0.00153623,0.0002645
0.294,0.14112,0.0330292569029167,0.00638738,0.00155287,0.00026104
0.295,0.1416,0.033243927581721115,0.00643778,0.00156568,0.00025735
0.296,0.14207999999999998,0.033458600171650386,0.00649419,0.00158029,0.00025372
0.297,0.14256,0.03367327394118935,0.00655198,0.00159534,0.00024993
0.298,0.14304,0.03424897520524051,0.00610876,0.00149931,0.0005089
0.299,0.14351999999999998,0.03450215092071074,0.00617596,0.00151754,0.00050384
0.3,0.144,0.03475532731104052,0.0062547,0.00153892,0.00050106
0.301,0.144449,0.03500850184417115,0.00632168,0.0015571,0.00049586
0.302,0.14489799999999997,0.03526167751745986,0.00638934,0.0015754,0.00049116
0.303,0.14534699999999998,0.03551485265898783,0.00645991,0.00159453,0.00048685
0.304,0.14579599999999998,0.03576802876709484,0.00652821,0.001613,0.00048229
0.305,0.14624499999999999,0.03602120391868835,0.00660296,0.0016334,0.00047818
0.306,0.146694,0.036274379433870255,0.00667471,0.00165289,0.00047398
0.307,0.147143,0.03652755398412859,0.00674055,0.00167065,0.00046907
0.308,0.147592,0.03678072942913474,0.00681444,0.00169088,0.00046453
0.309,0.148041,0.037033904905534834,0.00689128,0.00171184,0.00046094
0.31,0.14849,0.03728708086893829,0.00695483,0.00172889,0.00045596
0.311,0.14896900000000002,0.0375402578867256,0.00703324,0.00175029,0.0004526
0.312,0.149448,0.037793431571800144,0.00709954,0.00176831,0.0004472
0.313,0.149927,0.03804660696815053,0.0071699,0.00178724,0.00044348
0.314,0.150406,0.03829978280797547,0.00724897,0.00180907,0.00043915
0.315,0.150885,0.03855295774014386,0.0073173,0.00182745,0.00043504
0.316,0.151364,0.03880613314489833,0.00739054,0.00184748,0.00043047
0.317,0.151843,0.03905930910018343,0.00745307,0.00186408,0.00042607
0.318,0.152322,0.03931248530093851,0.00753625,0.00188716,0.00042201
0.319,0.152801,0.039565659555890725,0.00760139,0.00190477,0.00041679
0.32,0.15328,0.03981883476774824,0.00766551,0.00192186,0.0004124
0.321,0.153726,0.04007201069903028,0.00774291,0.00194312,0.00040827
0.322,0.154172,0.040325185991629764,0.00780721,0.00196041,0.0004033
0.323,0.154618,0.04057836143633418,0.00787229,0.00197782,0.00039888
0.324,0.155064,0.040831536056475624,0.00795211,0.00199979,0.00039499
0.325,0.15551,0.04108471203331708,0.00801664,0.00201708,0.00039033
0.326,0.155956,0.041337888295482156,0.00809403,0.00203833,0.00038623
0.327,0.156402,0.04159106377129821,0.00817125,0.0020595,0.00038223
0.328,0.15684800000000002,0.04184424039657887,0.00824689,0.00208006,0.00037872
0.329,0.15729400000000002,0.04209741339848123,0.00830436,0.00209529,0.00037323
0.33,0.15774000000000002,0.042350590054587356,0.00837991,0.00211588,0.00036947
0.331,0.15818400000000002,0.04260376486295213,0.00844171,0.00213247,0.00036407
0.332,0.15862800000000002,0.0428569398262433,0.00851895,0.00215367,0.00035995
0.333,0.15907200000000002,0.04311011513825376,0.00858632,0.00217186,0.0003553
0.334,0.15951600000000002,0.04336329045606406,0.00866026,0.002192,0.00035123
0.335,0.15996000000000002,0.04361646714780165,0.00873171,0.00221144,0.00034683
0.336,0.16040400000000002,0.04386964135606532,0.0088023,0.00223059,0.00034242
0.337,0.16084800000000002,0.04412281736293156,0.00887162,0.00224942,0.00033771
0.338,0.16129200000000002,0.044375993531177986,0.00894713,0.0022701,0.00033348
0.339,0.16173600000000002,0.044629170403957884,0.00902565,0.00229158,0.0003299
0.34,0.16218000000000002,0.044882343807126614,0.00908553,0.00230753,0.00032463
0.341,0.162657,0.045135519824755506,0.00915304,0.00232566,0.00032047
0.342,0.163134,0.0453886947635763,0.00922279,0.00234462,0.00031577
0.343,0.163611,0.04564187053990495,0.00929675,0.00236477,0.00031169
0.344,0.16408799999999998,0.045895046245225585,0.00936702,0.0023837,0.00030785
0.345,0.164565,0.0461482206113727,0.00943739,0.00240296,0.00030267
0.346,0.16504199999999997,0.046401396460134664,0.00951707,0.00242487,0.00029884
0.347,0.16551899999999997,0.04665457227240462,0.00958645,0.00244358,0.00029471
0.348,0.16599599999999998,0.04690774915534433,0.00965375,0.00246191,0.00028935
0.349,0.16647299999999998,0.0471609224117962,0.00972576,0.00248135,0.00028568
0.35,0.16695,0.048202920354342184,0.00863314,0.00221228,0.00066429
0.351,0.16739099999999998,0.0485118302003273,0.00873565,0.00224215,0.00065927
0.352,0.16783199999999998,0.048820741600195755,0.00882356,0.00226745,0.00065303
0.353,0.16827299999999998,0.04912965055788984,0.00891933,0.00229477,0.0006488
0.354,0.16871399999999998,0.04943855897105302,0.00901865,0.00232359,0.00064366
0.355,0.16915499999999997,0.04974746889019856,0.00911079,0.00235011,0.00063809
0.356,0.16959599999999997,0.05005638074394971,0.00922599,0.00238413,0.00063354
0.357,0.17003699999999997,0.050365288588683124,0.00931063,0.00240826,0.0006275
0.358,0.170478,0.05067419862863694,0.00941248,0.00243786,0.00062258
0.359,0.170919,0.05098310978582074,0.00950554,0.00246438,0.00061798
0.36,0.17135999999999998,0.05129201802472892,0.00960134,0.00249217,0.00061234
0.361,0.171836,0.05160092775331779,0.00969804,0.00251984,0.00060802
0.362,0.172312,0.05190983757328601,0.00978498,0.00254479,0.00060185
0.363,0.172788,0.05221874744374146,0.00989398,0.00257666,0.00059741
0.364,0.173264,0.05252765642774864,0.00998766,0.00260368,0.00059194
0.365,0.17374,0.0528365654608899,0.01008421,0.00263159,0.00058669
0.366,0.17421599999999998,0.05314547510758302,0.01018342,0.00266031,0.00058175
0.367,0.174692,0.05345438580921147,0.010281,0.00268851,0.00057669
0.368,0.175168,0.05376329450293413,0.01037905,0.00271681,0.00057182
0.369,0.175644,0.05407220453083496,0.0104746,0.00274446,0.00056635
0.37,0.17612,0.05438111447598096,0.01057007,0.00277204,0.00056099
0.371,0.176558,0.054690024164948926,0.01066815,0.00280038,0.00055603
0.372,0.176996,0.054998934052129606,0.01076307,0.00282795,0.00055015
0.373,0.17743399999999998,0.055307842954391034,0.01086475,0.00285728,0.0005459
0.374,0.177872,0.05561675277884578,0.01095997,0.00288468,0.00054085
0.375,0.17831,0.05592566389115668,0.01105172,0.00291089,0.00053584
0.376,0.178748,0.056234572578524586,0.01115158,0.00293995,0.00053053
0.377,0.17918599999999998,0.056543482438008275,0.01125995,0.00297179,0.00052553
0.378,0.17962399999999998,0.05685239238102468,0.01135387,0.00299872,0.00052056
0.379,0.180062,0.05716130122222797,0.01144401,0.00302465,0.00051474
0.38,0.1805,0.05747021168129247,0.01154945,0.00305539,0.00051006
0.381,0.18093599999999999,0.057779120936668836,0.01163232,0.00307877,0.00050451
0.382,0.181372,0.0580880306946076,0.01173383,0.00310845,0.00049899
0.383,0.181808,0.058396940948131686,0.01183076,0.00313642,0.00049397
0.384,0.182244,0.058705850180556074,0.01192549,0.00316374,0.00048864
0.385,0.18268,0.05901475989418694,0.01202707,0.00319334,0.00048347
0.386,0.183116,0.059323669526527845,0.01212529,0.00322144,0.0004794
0.387,0.18355200000000002,0.05963257935563798,0.01221607,0.00324778,0.00047295
0.388,0.183988,0.059941489308256046,0.01231346,0.00327567,0.00046867
0.389,0.184424,0.060250398784498754,0.01240679,0.00330272,0.00046273
0.39,0.18486000000000002,0.06055930812210945,0.0125152,0.00333436,0.00045839
0.391,0.18533400000000003,0.060868218446139995,0.01260656,0.00336059,0.0004529
0.392,0.18580800000000003,0.061177129039581654,0.01270299,0.00338839,0.00044787
0.393,0.18628200000000003,0.06148603730997249,0.01279604,0.00341512,0.00044262
0.394,0.18675600000000003,0.06179494784927294,0.01290165,0.00344601,0.00043769
0.395,0.18723,0.06210385750127381,0.01299959,0.00347433,0.00043265
0.396,0.187704,0.06241276721016282,0.01308134,0.00349743,0.00042675
0.397,0.188178,0.06272167726934369,0.0131869,0.00352829,0.00042183
0.398,0.18865200000000001,0.06303058570073922,0.01328604,0.003557,0.00041685
0.399,0.18912600000000002,0.06333949626473477,0.01337826,0.00358363,0.00041102
0.4,0.18960000000000002,0.0636484058572953,0.013485,0.00361488,0.00040616
0.401,0.19003300000000004,0.06395731492001622,0.01357302,0.00363972,0.00040146
0.402,0.19046600000000002,0.06426622430461182,0.0136738,0.00366908,0.0003962
0.403,0.190899,0.06457513513244491,0.01376922,0.00369655,0.00039114
0.404,0.19133200000000003,0.064884044682178,0.01386568,0.00372445,0.00038583
0.405,0.19176500000000002,0.06519295406516151,0.01395614,0.00375022,0.00038082
0.406,0.192198,0.06550186358766928,0.01405506,0.00377887,0.00037578
0.407,0.192631,0.06581077326309323,0.01415547,0.00380803,0.00037072
0.408,0.19306399999999999,0.06611968292722145,0.01425579,0.00383728,0.0003653
0.409,0.193497,0.06642859322815994,0.01435789,0.00386693,0.00036052
0.41,0.19393,0.06673750277451862,0.0144586,0.00389616,0.00035558
0.411,0.19436099999999998,0.06704641274525468,0.01454591,0.00392109,0.00034986
0.412,0.194792,0.06735532175306323,0.01464505,0.00394988,0.0003446
0.413,0.19522299999999998,0.06766423126867177,0.01474027,0.00397725,0.00033964
0.414,0.19565399999999997,0.06797314102612685,0.01483459,0.0040044,0.00033444
0.415,0.19608499999999998,0.06828205132082937,0.01492697,0.00403109,0.00032861
0.416,0.19651599999999997,0.06859096073389813,0.01503385,0.00406206,0.00032472
0.417,0.19694699999999998,0.06889987006442773,0.01512485,0.0040883,0.00031883
0.418,0.19737799999999997,0.06920877978637649,0.0152268,0.00411797,0.00031381
0.419,0.19780899999999996,0.06951768948759009,0.01531505,0.00414306,0.0003086
0.42,0.19823999999999997,0.06982659946319482,0.01542051,0.00417378,0.00030404
0.421,0.19866899999999998,0.07013550968360396,0.01551628,0.00420151,0.00029854
0.422,0.19909799999999997,0.07044441937960172,0.0156054,0.00422694,0.00029316
0.423,0.19952699999999998,0.07075332821290495,0.01571222,0.00425828,0.00028809
0.424,0.199956,0.07106224007419695,0.01581186,0.00428749,0.00028208
0.425,0.20038499999999998,0.0734471458858162,0.0128588,0.00349384,0.00080703
0.426,0.200814,0.07384439921154042,0.01299694,0.00353676,0.000801
0.427,0.201243,0.07424165292856306,0.01315257,0.00358611,0.00079502
0.428,0.201672,0.0746389044343096,0.01328742,0.00362751,0.00078957
0.429,0.202101,0.07503615975006563,0.01344415,0.00367722,0.00078369
0.43,0.20253000000000002,0.07543341019042613,0.01358597,0.00372103,0.00077855
0.431,0.20300100000000001,0.07583066421939509,0.01371388,0.00376078,0.00077137
0.432,0.20347200000000001,0.07622791659782321,0.01386849,0.00380954,0.0007658
0.433,0.203943,0.07662516851953588,0.01401989,0.00385634,0.00076171
0.434,0.204414,0.07702242195002659,0.01416701,0.00390249,0.00075582
0.435,0.204885,0.07741967481651779,0.01431519,0.00394932,0.00074941
0.436,0.205356,0.07781692759476781,0.01445081,0.00399092,0.00074412
0.437,0.205827,0.07821418132301106,0.0145902,0.00403432,0.00073807
0.438,0.206298,0.07861143369769738,0.01475148,0.00408564,0.00073229
0.439,0.206769,0.07900868666778157,0.01489843,0.00413098,0.00072786
0.44,0.20724,0.07940593931769335,0.01504718,0.00417752,0.0007224
0.441,0.20766600000000002,0.07980319158615146,0.01517964,0.00421836,0.00071632
0.442,0.208092,0.08020044397652781,0.01532396,0.00426402,0.00070943
0.443,0.208518,0.08059769653502737,0.01546964,0.00430939,0.00070404
0.444,0.20894400000000002,0.08099495055940095,0.01562421,0.00435808,0.00069857
0.445,0.20937,0.0813922022991791,0.01577247,0.00440433,0.0006933
0.446,0.209796,0.08178945615688445,0.01591844,0.00444983,0.00068787
0.447,0.21022200000000002,0.08218670840421839,0.01605824,0.0044933,0.00068196
0.448,0.210648,0.08258396195765669,0.01619504,0.00453623,0.00067497
0.449,0.211074,0.08298121425017363,0.01635857,0.00458766,0.00067058
0.45,0.21150000000000002,0.0833784687707306,0.01651211,0.00463575,0.00066554
0.451,0.211924,0.08377571948776479,0.01664215,0.00467574,0.00065941
0.452,0.212348,0.08417297380431502,0.01676759,0.00471435,0.00065265
0.453,0.21277200000000002,0.08457022568754652,0.01691724,0.00476174,0.0006462
0.454,0.213196,0.08496747805331309,0.01707384,0.00481072,0.0006416
0.455,0.21362,0.08536473039177922,0.01721435,0.00485459,0.00063542
0.456,0.21404399999999998,0.08576198414775502,0.017353,0.00489725,0.00063026
0.457,0.214468,0.08615923888844042,0.01751558,0.00494864,0.00062528
0.458,0.214892,0.08655648865702409,0.01765759,0.00499311,0.00061902
0.459,0.21531599999999998,0.08695374287831953,0.01781461,0.0050428,0.00061337
0.46,0.21574,0.08735099553406539,0.01795733,0.0050874,0.00060735
0.461,0.21616199999999997,0.0877482473940601,0.01809765,0.0051309,0.00060176
0.462,0.21658399999999997,0.08814550096117937,0.01822786,0.00517059,0.00059631
0.463,0.21700599999999998,0.08854275277162418,0.01838765,0.00522135,0.00059058
0.464,0.21742799999999998,0.08894000642280149,0.01853118,0.00526587,0.00058528
0.465,0.21785,0.0893372589433701,0.01867207,0.00531018,0.00057854
0.466,0.218272,0.08973451227560053,0.01881281,0.00535401,0.0005726
0.467,0.218694,0.09013176552298993,0.018954,0.00539788,0.00056691
0.468,0.219116,0.09052901713564919,0.01911435,0.0054482,0.0005624
0.469,0.21953799999999998,0.0909262708556793,0.01927383,0.00549872,0.0005569
0.47,0.21995999999999996,0.09132352429728416,0.01938757,0.00553318,0.00054981
0.471,0.22038,0.09172077680446068,0.01955601,0.00558701,0.00054431
0.472,0.2208,0.09211802873098576,0.01969855,0.00563081,0.00053971
0.473,0.22122,0.0925152825989953,0.01983378,0.00567296,0.0005331
0.474,0.22164,0.09291253462437624,0.01999425,0.00572338,0.00052849
0.475,0.22206,0.09330978764484162,0.02012107,0.00576211,0.00052247
0.476,0.22247999999999998,0.09370704062254445,0.02025671,0.00580427,0.00051613
0.477,0.2229,0.0941042933442364,0.02042411,0.00585828,0.00050955
0.478,0.22332,0.09450154654405646,0.02057923,0.00590683,0.00050475
0.479,0.22374,0.09489879770764327,0.02071522,0.00594875,0.0004991
0.48,0.22416,0.09529605146859062,0.02086531,0.00599584,0.00049354
0.481,0.224627,0.0956933037681467,0.02100316,0.0060384,0.00048799
0.482,0.225094,0.09609055738156502,0.02114799,0.00608363,0.00048228
0.483,0.225561,0.09648780912040364,0.02129228,0.00612901,0.00047588
0.484,0.226028,0.09688506353268395,0.02142932,0.00617079,0.00047126
0.485,0.226495,0.09728231513854146,0.02158558,0.00622015,0.00046569
0.486,0.226962,0.09767956799831673,0.02173888,0.00626896,0.00045909
0.487,0.227429,0.09807682052737232,0.02187616,0.00631144,0.00045329
0.488,0.22789600000000002,0.09847407497787275,0.02202028,0.00635573,0.00044887
0.489,0.228363,0.0988713266529812,0.02217768,0.00640571,0.00044294
0.49,0.22883,0.09926857881119225,0.02231545,0.0064486,0.0004367
0.491,0.229247,0.09966583176581117,0.02244776,0.00648957,0.0004303
0.492,0.229664,0.10006308665275923,0.0225804,0.00652992,0.00042529
0.493,0.230081,0.10046033722066627,0.02274677,0.00658306,0.00041963
0.494,0.230498,0.10085759176510328,0.02286918,0.00662053,0.00041293
0.495,0.230915,0.10125484456209308,0.02304766,0.00667821,0.00040715
0.496,0.231332,0.1016520960771097,0.02318277,0.00671947,0.00040216
0.497,0.231749,0.10204935017422588,0.02334742,0.00677197,0.00039652
0.498,0.232166,0.10244660235704496,0.02347809,0.00681201,0.00039072
0.499,0.232583,0.10284385456445527,0.02360743,0.00685171,0.00038464
0.5,0.233,0.10324110708532669,0.02376166,0.00690005,0.0003796
0.501,0.23304984069505677,0.10363836156024422,0.02391708,0.00694898,0.00037428
0.502,0.2330996813901135,0.1040356139312085,0.02405728,0.00699227,0.00036899
0.503,0.23314952208517026,0.10443286723282966,0.02422343,0.00704574,0.00036257
0.504,0.23319936278022702,0.10483011846324149,0.02434359,0.00708175,0.00035705
0.505,0.23324920347528375,0.10522737160438947,0.02449922,0.0071309,0.00035145
0.506,0.2332990441703405,0.10562462623739464,0.02463185,0.00717245,0.00034417
0.507,0.23334888486539723,0.10602187685899718,0.02477085,0.00721496,0.00033952
0.508,0.233398725560454,0.10641913010757979,0.02491522,0.00726002,0.00033379
0.509,0.23344856625551075,0.10681638251821365,0.02508145,0.00731332,0.00032774
0.51,0.23349840695056748,0.10721363651115154,0.02524176,0.00736387,0.00032276
0.511,0.23198441995377825,0.10761088915335049,0.02534673,0.00739477,0.00031631
0.512,0.2304915642591515,0.10800814189571609,0.02551199,0.00744696,0.00031169
0.513,0.2290191076393112,0.10840539406810457,0.0256459,0.00748879,0.00030476
0.514,0.22756635946819545,0.10880264679234117,0.02579218,0.00753418,0.00029976
0.515,0.22613266748477637,0.10919990013802686,0.02593902,0.00758004,0.00029425
0.516,0.22471741487355776,0.10959715213750433,0.02609736,0.0076305,0.00028805
0.517,0.2233200176245856,0.10999440491015129,0.02623338,0.0076727,0.00028191
0.518,0.22193992214117472,0.11039165807947955,0.02637551,0.00771694,0.00027616
0.519,0.2205766030673395,0.11078891180802591,0.02650917,0.00775777,0.00027098
0.52,0.21922956131083035,0.11118616374797122,0.02668545,0.00781438,0.00026568
0.521,0.21789832224066144,0.11158341616772949,0.02682298,0.00785721,0.0002594
0.522,0.2165824340406631,0.11198066912998947,0.02697098,0.00790368,0.00025354
0.523,0.21528146620286182,0.1123779219095011,0.02712103,0.00795033,0.00024877
0.524,0.21399500814644312,0.11277517451698447,0.02725572,0.00799231,0.00024211
0.525,0.21272266794973158,0.11317242843153616,0.02741076,0.00804063,0.00023768
0.526,0.21146407118408647,0.1135696806110024,0.02755116,0.00808445,0.00023152
0.527,0.21021885983987562,0.11396693396360347,0.0276798,0.00812409,0.00022506
0.528,0.2089866913357921,0.11436418741695445,0.02781927,0.00816753,0.00021898
0.529,0.20776723760374402,0.11476143948690146,0.02797611,0.00821654,0.0002145
0.53,0.20656018424238665,0.11515869159472132,0.02813453,0.00826702,0.00020833
0.531,0.20536522973310717,0.11555594419591786,0.02828008,0.0083123,0.00020301
0.532,0.2041820847129191,0.11595319791637568,0.02841589,0.00835426,0.00019717
0.533,0.2030104712992996,0.11635045052021259,0.02854611,0.0083943,0.00019107
0.534,0.20185012246250175,0.11674770337917897,0.02870938,0.00844589,0.0001862
0.535,0.20070078144132616,0.11714495581229757,0.02886497,0.00849542,0.00017984
0.536,0.1995622011987281,0.10997368958228196,0.02415649,0.00678024,0.00111171
0.537,0.19843414391399125,0.11036330858127472,0.02433895,0.00683908,0.00109732
0.538,0.19731638050850714,0.11075292788850216,0.02457955,0.00691801,0.00108553
0.539,0.19620869020248505,0.1111425479331704,0.02475472,0.00697389,0.00107166
0.54,0.1951108601001576,0.11153216465500823,0.02498122,0.00704736,0.00106038
0.541,0.19402268480127757,0.11192178396678495,0.02517124,0.00710833,0.00104724
0.542,0.19294396603689548,0.11231140237773005,0.02538775,0.00717817,0.00103584
0.543,0.19187451232758926,0.11270102304382239,0.02560047,0.00724695,0.0010238
0.544,0.1908141386624765,0.11309064186771414,0.02578712,0.00730647,0.00101107
0.545,0.1897626661974855,0.11348025966989099,0.02598828,0.00737187,0.00099732
0.546,0.1887199219714912,0.11386987810741392,0.02621098,0.0074443,0.00098535
0.547,0.18768573863903956,0.11425949779922624,0.02640026,0.00750445,0.00097325
0.548,0.18665995421849071,0.11464911661560073,0.02659768,0.0075687,0.00095908
0.549,0.18564241185450797,0.1150387354673311,0.0268198,0.00764115,0.00094665
0.55,0.18463295959390336,0.11542835446227526,0.02701502,0.00770319,0.00093513
0.551,0.18363145017394564,0.11581797339521237,0.02723671,0.0077752,0.00092326
0.552,0.18263774082226025,0.11620759253260486,0.02744966,0.00784435,0.00091065
0.553,0.18165169306760828,0.1165972107899497,0.02764536,0.00790732,0.00089771
0.554,0.18067317256077853,0.11698682931726798,0.02783746,0.00796907,0.00088455
0.555,0.17970204890496913,0.11737644963523941,0.02804015,0.00803397,0.00087285
0.556,0.1787381954950427,0.11776606720187252,0.02825845,0.00810552,0.00085946
0.557,0.17778148936509464,0.11815568647271998,0.02844883,0.0081668,0.00084598
0.558,0.1768318110438145,0.11854530533296984,0.02867316,0.0082396,0.00083443
0.559,0.17588904441716152,0.11893492604374509,0.02886902,0.00830245,0.00082183
0.56,0.17495307659790227,0.11932454300150798,0.02907696,0.00836951,0.0008097
0.561,0.17402379780159405,0.11971416386083773,0.02929879,0.00844255,0.00079595
0.562,0.17310110122867386,0.12010378263127963,0.02949981,0.00850613,0.00078559
0.563,0.17218488295216353,0.12049340076788077,0.02968019,0.00856389,0.00077179
0.564,0.17127504181084213,0.12088301918535736,0.02988284,0.00862944,0.0007588
0.565,0.17037147930743068,0.12127264073585595,0.03008622,0.00869435,0.00074757
0.566,0.16947409951155706,0.12166225655829074,0.03029301,0.00876208,0.00073336
0.567,0.16858280896722286,0.12205187716439571,0.03052018,0.00883646,0.00072081
0.568,0.16769751660451834,0.12244149447409552,0.03069843,0.00889287,0.00070808
0.569,0.1668181336553493,0.12283111370403658,0.03092654,0.00896722,0.00069625
0.57,0.16594457357295567,0.11266627051638431,0.02317597,0.00620428,0.00198329
0.571,0.16507675195501537,0.11304777298809186,0.02346051,0.00629772,0.001965
0.572,0.16421458647013995,0.11342927927603128,0.02372573,0.006386,0.00194295
0.573,0.16335799678758073,0.11381078535087426,0.0239864,0.00647231,0.00192144
0.574,0.16250690450997646,0.11419228857511554,0.02426236,0.00656274,0.00190284
0.575,0.16166123310898195,0.11457379413456076,0.02454428,0.00665687,0.00188138
0.576,0.16082090786362957,0.11495530064578723,0.02479195,0.00673786,0.00186088
0.577,0.15998585580128202,0.11533680669630597,0.02509693,0.00683921,0.00184189
0.578,0.15915600564104532,0.1157183110533661,0.02533608,0.00691884,0.00181799
0.579,0.1583312877395172,0.11609981459313741,0.0256226,0.00701297,0.00179977
0.58,0.15751163403875457,0.11648132003492721,0.02586207,0.00709187,0.00177747
0.581,0.15669697801634977,0.11686282480157177,0.02615188,0.00718802,0.00175771
0.582,0.1558872546375129,0.11724433000185733,0.02642313,0.00727774,0.00173715
0.583,0.1550824003090611,0.1176258364839744,0.02667844,0.00736301,0.00171386
0.584,0.1542823528352247,0.11800734027763449,0.02695351,0.007454,0.00169356
0.585,0.1534870513751814,0.11838884534247093,0.02721245,0.0075393,0.00167277
0.586,0.15269643640223812,0.11877034998506421,0.02749173,0.00763145,0.00165323
0.587,0.1519104496645823,0.11915185559257974,0.02776727,0.007723,0.00163221
0.588,0.15112903414752993,0.11953336121858499,0.02801307,0.00780333,0.00161164
0.589,0.15035213403720024,0.11991486752419607,0.0282761,0.00789031,0.00159052
0.59,0.14957969468555327,0.12029637128476553,0.02855617,0.00798377,0.00156905
0.591,0.14881166257672684,0.12067787699806484,0.02883405,0.00807501,0.00155026
0.592,0.14804798529461505,0.12105938125664108,0.02910493,0.00816536,0.00152823
0.593,0.14728861149163297,0.12144088731665642,0.029374,0.00825502,0.00150627
0.594,0.14653349085861453,0.12182239270403172,0.02962686,0.00833821,0.00148521
0.595,0.14578257409579407,0.12220389693791159,0.02991653,0.00843387,0.00146629
0.596,0.14503581288482376,0.12258540210499318,0.03017282,0.00851819,0.00144551
0.597,0.1442931598617829,0.12296690720670679,0.03044596,0.00860905,0.00142411
0.598,0.14355456859113563,0.1233484129654779,0.03070946,0.00869638,0.00140265
0.599,0.14281999354059702,0.11269806660369343,0.026,0.00684903326,6.06649496e-12
0.6,0.1420893900568693,0.11304717393966272,0.025,0.00652359,0.00326179
0.601,0.14136271434221126,0.11340417949064988,0.024,0.00620208965,2.93237356e-12
0.602,0.14063992343180653,0.11376916991414672,0.023,0.00588458,0.00294229
0.603,0.1399209751718974,0.11414223973010297,0.022,0.00557111943,5.16433098e-13
0.604,0.13920582819865296,0.11452349737240046,0.021,0.00526174843,1.86512118e-17
0.605,0.13849444191774168,0.11488873238724323,0.02387876,0.00617578,0.0028543
0.606,0.13778677648457974,0.1153097898029718,0.01909104,0.00468489,0.00233434
0.607,0.13708279278522809,0.115643214313976,0.02601617,0.00691408,0.00285976
0.608,0.13638245241791289,0.11607255899634918,0.01908754,0.00470549,0.00221145
0.609,0.13568571767514334,0.1165573583254226,0.016,0.00377867836,1.44931439e-12
0.61,0.13499255152640532,0.11694125225259655,0.01605214,0.00379799,0.00185169
0.611,0.13430291760140659,0.11712425716048527,0.02536729,0.00669456,0.00260584
0.612,0.1336167801738534,0.11749727270559147,0.02559178,0.00676715,0.00257483
0.613,0.13293410414573759,0.11787466369387542,0.02645288,0.00709481,0.00251067
0.614,0.1322548550321147,0.11824291729794659,0.02637066,0.0070347,0.00251115
0.615,0.1315789989463547,0.1186158654456052,0.02683578,0.00718703,0.00249734
0.616,0.13090650258584705,0.11898869633249702,0.02710663,0.00728192,0.00245619
0.617,0.13023733321814418,0.11936158270597629,0.02738259,0.00737608,0.0024201
0.618,0.12957145866752534,0.1197344800855516,0.02775031,0.007499,0.00239373
0.619,0.12890884730196717,0.12010736763559732,0.02807127,0.0076072,0.00236257
0.62,0.1282494680205034,0.12048025028379492,0.02838872,0.00771476,0.00233011
0.621,0.12759329024097057,0.1208531400550367,0.02872266,0.00782853,0.00229743
0.622,0.1269402838880937,0.12122602992132882,0.0290769,0.00794794,0.00226829
0.623,0.12629041938195312,0.12159891822651395,0.02943714,0.00806907,0.0022401
0.624,0.12564366762676554,0.12197180736990189,0.02974234,0.0081722,0.00220747
0.625,0.125,0.12234469676578098,0.03009634,0.00829158,0.00217821
0.626,0.1243593883418068,0.11271408608974814,0.03461857,0.00960515,0.00012075
0.627,0.12372180494474884,0.11300925121051468,0.0348005084,0.00966100078,9.72943369e-05
0.628,0.12308722254382655,0.11330441521189837,0.0349986555,0.00972255745,7.31896333e-05
0.629,0.12245561430678442,0.11359957958008539,0.0351980895,0.00978451999,4.91824332e-05
0.63,0.12182695382469072,0.11389474541367431,0.0353652178,0.009835265,2.5993642e-05
0.631,0.12120121510278119,0.11418991094121564,0.035565728,0.00989761431,1.92355587e-06
0.632,0.12057837255155575,0.11448803272401115,0.0346666667,0.00958151616,1.1628578e-13
0.633,0.11995840097812326,0.11479315095558429,0.0336666667,0.0092340754,6.13561156e-16
0.634,0.11934127557778233,0.11510530870674734,0.03266667,0.00889015,0.0
0.635,0.1187269719258327,0.11542453210493762,0.0316666667,0.00854976591,3.58431286e-14
0.636,0.11811546596960862,0.11575085407042111,0.0306666667,0.00821292664,2.61930886e-21
0.637,0.11750673402072716,0.11608431110804447,0.02966667,0.00787966,0.0
0.638,0.11690075274754436,0.11642494726932079,0.02866667,0.00754997,0.00377499
0.639,0.1162974991678126,0.11677281010696892,0.02766667,0.0072239,0.00361195
0.64,0.11569695064153217,0.11712795417091455,0.0266666667,0.00690147698,1.03923292e-15
0.641,0.11509908486399188,0.1174904444533161,0.0256666667,0.00658272205,1.79732002e-20
0.642,0.11450387985899133,0.11785465463613884,0.02610528,0.00672855,0.00326077
0.643,0.11391131397224,0.11823774956440163,0.0236666667,0.00595637459,8.09730684e-17
0.644,0.11332136586492748,0.11862122208723197,0.02275377,0.00567645,0.00283132
0.645,0.11273401450745905,0.1190138942564108,0.02173168,0.0053655,0.00267783
0.646,0.11214923917334732,0.1193531559797007,0.02342235,0.00591361,0.00273141
0.647,0.11156701943328226,0.11981038751458134,0.02011798,0.00489084,0.00240652
0.648,0.11098733514930464,0.11126538820244464,0.03556085,0.00982814,0.00041835
0.649,0.11041016646917425,0.11155574947260358,0.03577924,0.00989643,0.00038723
0.65,0.10983549382085465,0.1118461113781827,0.03599443,0.00996377,0.00035564
0.651,0.10926329790714014,0.11213647594678612,0.03623767,0.01004019,0.00032539
0.652,0.10869355970041623,0.11242683532179476,0.03644286,0.01010402,0.00029418
0.653,0.10812626043754894,0.11271719686593082,0.03667667,0.01017769,0.00026255
0.654,0.10756138161489948,0.11300755905142407,0.03689855,0.01024702,0.00023186
0.655,0.10699890498346071,0.11329792145601882,0.03709608,0.01030824,0.00020067
0.656,0.10643881254411144,0.113588282856706,0.03733004,0.01038175,0.0001697
0.657,0.105881086542985,0.11387864473327193,0.03754428,0.01044865,0.00013848
0.658,0.10532570946694972,0.11416900719366979,0.0377893,0.0105261,0.0001069
0.659,0.10477266403919645,0.11445937005021846,0.0379722441,0.010581996,7.69275719e-05
0.66,0.10422193321493167,0.11474973056973851,0.0382253353,0.0106622863,4.50338049e-05
0.661,0.10367350017717196,0.11504009202576107,0.038446597,0.0107314841,1.40827661e-05
0.662,0.10312734833263763,0.11533144806317637,0.038,0.0105693191,8.18306296e-16
0.663,0.1025834613077424,0.11562882195180553,0.037,0.0102180062,2.61667539e-11
0.664,0.10204182294467642,0.1159329174778439,0.036,0.00987005339,9.05320449e-17
0.665,0.10150241729758008,0.11624374632180143,0.035,0.00952546825,3.59681611e-18
0.666,0.100965228628806,0.11656132504659816,0.034,0.00918425777,7.65526656e-16
0.667,0.10043024140526688,0.11688567398714696,0.033,0.00884643,0.0
0.668,0.09989744029486673,0.10943060471469232,0.03633677,0.01000819,0.00071307
0.669,0.09936681016301296,0.10971606213212139,0.03656942,0.01008113,0.00067488
0.67,0.09883833606920786,0.11000151490107553,0.03685832,0.0101735,0.00063555
0.671,0.098312003263716,0.11028697158988038,0.03711486,0.01025483,0.00059643
0.672,0.09778779718430725,0.11057242694417252,0.03734033,0.01032529,0.00055839
0.673,0.09726570345307145,0.11085788177610877,0.03761194,0.01041206,0.00051823
0.674,0.09674570787330464,0.11114333565817826,0.03786312,0.01049146,0.0004795
0.675,0.09622779642646323,0.11142879118736704,0.03812284,0.0105738,0.0004406
0.676,0.09571195526918583,0.11171424729090076,0.03837423,0.01065342,0.00040136
0.677,0.09519817073037994,0.1119997029704763,0.03860894,0.01072729,0.00036244
0.678,0.09468642930837191,0.11228515834560727,0.03885727,0.01080572,0.00032368
0.679,0.0941767176681194,0.11257061198989227,0.03914005,0.01089601,0.0002844
0.68,0.09366902263848301,0.1128560675988627,0.03937088,0.01096861,0.00024532
0.681,0.09316333120955766,0.11314152203943739,0.03963087,0.01105097,0.00020665
0.682,0.0926596305300601,0.1134269780437126,0.0398938,0.01113438,0.0001678
0.683,0.09215790790477281,0.11371243227499034,0.04014087,0.01121255,0.00012855
0.684,0.0916581507920417,0.11399788810356176,0.0404028792,0.0112956886,8.95732117e-05
0.685,0.09116034680132684,0.11428334365742053,0.0406408453,0.0113705832,5.08936313e-05
0.686,0.09066448369080468,0.1073518727367247,0.03702344,0.01016855,0.00099792
0.687,0.09017054936502049,0.10763232381425278,0.03730814,0.01025948,0.00095087
0.688,0.08967853187258973,0.10791277277197603,0.03759484,0.01035178,0.00090168
0.689,0.08918841940394703,0.10819322340664274,0.03787102,0.01043983,0.00085461
0.69,0.08870020028914227,0.10847367406187344,0.03816682,0.01053487,0.00080649
0.691,0.08821386299568129,0.108754123739799,0.03844373,0.01062295,0.0007601
0.692,0.08772939612641141,0.10903457389828847,0.03875234,0.01072227,0.00071216
0.693,0.08724678841745001,0.10931502435310239,0.03902964,0.01081075,0.00066495
0.694,0.08676602873615524,0.10959547420590442,0.03930845,0.01089998,0.00061695
0.695,0.08628710607913802,0.1098759259472649,0.03959582,0.01099203,0.00056925
0.696,0.08581000957031389,0.11015637509527193,0.03988801,0.01108565,0.00052173
0.697,0.08533472845899417,0.11043682458190629,0.04017206,0.01117659,0.00047398
0.698,0.08486125211801569,0.11071727507724588,0.04045731,0.01126773,0.00042685
0.699,0.0843895700419072,0.11099772568754446,0.04073347,0.01135586,0.00037952
0.7,0.0839196718450913,0.1112781777604755,0.04102966,0.01145091,0.00033175
0.701,0.08345154726013077,0.11155862553633562,0.04132852,0.011547,0.00028359
0.702,0.08298518613598693,0.10508915868101629,0.03761293,0.01030677,0.00127404
0.703,0.08252057843634246,0.10536451138707595,0.0379363,0.01041131,0.00121753
0.704,0.08205771423793436,0.10563986602868755,0.03826608,0.01051787,0.00116152
0.705,0.08159658372892861,0.10591522028906762,0.03857056,0.01061603,0.00110491
0.706,0.08113717720732491,0.10619057433701429,0.03889097,0.01071977,0.00104778
0.707,0.08067948507939232,0.10646593013460451,0.03917379,0.01081025,0.00099224
0.708,0.08022349785813518,0.1067412823248628,0.03950763,0.01091879,0.00093431
0.709,0.07976920616178848,0.10701663702038271,0.03983086,0.01102329,0.00087779
0.71,0.07931660071234187,0.10729199102581949,0.04015534,0.01112829,0.00082099
0.711,0.0788656723340937,0.10756734538807229,0.04047038,0.01123005,0.00076435
0.712,0.07841641195222818,0.10784269924545846,0.04079514,0.0113352,0.00070742
0.713,0.07796881059142541,0.10811805469061632,0.04107826,0.0114258,0.00065182
0.714,0.07752285937449338,0.1083934085201921,0.04141123,0.01153385,0.00059452
0.715,0.07707854952102768,0.10866876229404601,0.04174225,0.01164119,0.00053736
0.716,0.07663587234609581,0.10266295044686818,0.03802145,0.01039232,0.00156213
0.717,0.07619481925894668,0.10293312637937646,0.0383759,0.01050835,0.00149464
0.718,0.0757553817617438,0.10320330248299875,0.03871427,0.01061856,0.00142825
0.719,0.07531755144832238,0.10347347868769759,0.03907757,0.01073705,0.0013624
0.72,0.07488132000296938,0.10374365405430207,0.03942159,0.01084926,0.00129579
0.721,0.07444667919922683,0.10401383035641593,0.03977044,0.010963,0.00122948
0.722,0.0740136208987157,0.10428400600084581,0.04013009,0.0110804,0.00116321
0.723,0.07358213704998362,0.10455418298987107,0.04046473,0.01118943,0.00109656
0.724,0.07315221968737215,0.10482435818900199,0.04081664,0.01130415,0.00103044
0.725,0.0727238609299031,0.10509453432628656,0.04116486,0.0114176,0.0009644
0.726,0.07229705298019784,0.10536470966631115,0.04151397,0.01153199,0.00089634
0.727,0.07187178812339018,0.1056348870171788,0.04185566,0.01164349,0.00082947
0.728,0.07144805872608598,0.10590506173229328,0.0422034,0.01175654,0.00076412
0.729,0.07102585723532781,0.10034059373143595,0.03855712,0.01052652,0.00180617
0.73,0.07060517617758118,0.10060551985839958,0.03894928,0.01065585,0.00172889
0.731,0.07018600815773941,0.10087044497695699,0.03931913,0.01077676,0.0016543
0.732,0.06976834585814612,0.10113537089784187,0.03969846,0.01090201,0.00157616
0.733,0.06935218203763557,0.10140029686241468,0.04008152,0.01102799,0.00149974
0.734,0.06893750953059023,0.1016652245017651,0.0404871,0.01116232,0.00142106
0.735,0.06852432124601521,0.10193014851046474,0.04084426,0.01127918,0.00134567
0.736,0.06811261016662945,0.10219507528203925,0.04121755,0.01140135,0.00127076
0.737,0.067702369347973,0.10246000075703879,0.04157693,0.01151959,0.00119344
0.738,0.06729359191753022,0.10272492543304061,0.04196936,0.01164934,0.00111513
0.739,0.06688627107386906,0.10298985235753544,0.04238359,0.01178633,0.00103732
0.74,0.066480400085795,0.09784180781472604,0.03875996,0.01055546,0.00210095
0.741,0.06607597229152072,0.09810142179841118,0.03917873,0.01069504,0.00201161
0.742,0.06567298109785001,0.09836105301597706,0.03969576,0.01086706,0.00192502
0.743,0.06527141997937648,0.09862065210891038,0.04001875,0.01097383,0.00183671
0.744,0.06487128247769644,0.09888026542587686,0.0403759,0.01109165,0.0017501
0.745,0.06447256220063555,0.09913987959662159,0.04082194,0.01124013,0.00166183
0.746,0.06407525282148947,0.09939949664458711,0.04123326,0.01137731,0.00157212
0.747,0.06367934807827764,0.09965911039365455,0.04162954,0.0115077,0.00148763
0.748,0.0632848417730105,0.099918727343666,0.0420245,0.01163916,0.00139845
0.749,0.06289172777096949,0.10017834152749536,0.04245535,0.01178248,0.0013102
0.75,0.062499999999999944,0.09541793244086909,0.03940378,0.01076498,0.00230766
0.751,0.06210965244981629,0.0956686326624464,0.03933989,0.01071489,0.00228535
0.752,0.061720679171319674,0.09592304158436168,0.03999616,0.01093652,0.0021824
0.753,0.06133307427592766,0.09618580768880072,0.03919743,0.01069594,0.0019974
0.754,0.0609468319349156,0.09643163447809433,0.04072219,0.0111844,0.00196772
0.755,0.060561946378769785,0.09668565006894034,0.04116109,0.0113253,0.00188681
0.756,0.06017841189655216,0.09693993228473988,0.04150621,0.01143783,0.00179564
0.757,0.05979622283527592,0.0971941676766839,0.04203841,0.01161829,0.00169041
0.758,0.059415373599292595,0.09744842932127579,0.04248989,0.01176968,0.00159052
0.759,0.05903585864968964,0.09770268304842486,0.04288356,0.01190097,0.00149221
0.76,0.058657672503698965,0.09328968610987425,0.03824517,0.01032263,0.00253793
0.761,0.05828080973411605,0.09353472246303654,0.03987198,0.01086497,0.00244652
0.762,0.05790526496872884,0.09404221637377308,0.04710376,0.0136811,0.00160371
0.763,0.05753103288975771,0.094033871205225,0.04076359,0.01114749,0.00228376
0.764,0.05715810823330464,0.09428505226962877,0.04204858,0.01163024,0.00202755
0.765,0.05678648578881274,0.0945300237897285,0.04184448,0.01152963,0.00200565
0.766,0.05641616039853531,0.0947789041106781,0.04247003,0.0117418,0.0018919
0.767,0.05604712695701438,0.0950277847116392,0.04298067,0.0119148,0.00177887
0.768,0.05567938041056883,0.09527661819495849,0.04330618,0.01202277,0.00167276
0.769,0.05531291575679164,0.0912479893307364,0.04331217,0.01215791,0.00236626
0.77,0.05494772804405634,0.09147577196986302,0.04146071,0.01150562,0.00229648
0.771,0.05458381237103251,0.0917378397020046,0.0447088,0.01264407,0.00208779
0.772,0.054221163886209796,0.09198643086350641,0.04692536,0.0134028,0.00195144
0.773,0.05385977778743124,0.09227557710764492,0.04118369,0.01148165,0.00182136
0.774,0.05349964932143478,0.09246613635945555,0.04681513,0.01336712,0.00169124
0.775,0.053140773783403296,0.09265589972052021,0.04509634,0.01268986,0.00177965
0.776,0.05278314651652323,0.09288113924372118,0.04355487,0.01208881,0.0018731
0.777,0.05242676291155126,0.0891053921639838,0.04293141,0.01195157,0.00266701
0.778,0.05207161840638925,0.08933261367335911,0.04211932,0.01165836,0.00257548
0.779,0.05171770848566716,0.08956285098760154,0.04369122,0.01210696,0.00269502
0.78,0.05136502868033249,0.0898056666166113,0.04391028,0.01226916,0.00229895
0.781,0.051013574567256366,0.09004818199922876,0.04486529,0.01260726,0.00213114
0.782,0.05066334176882526,0.09026538964681778,0.04385133,0.01220495,0.00215019
0.783,0.05031432595256988,0.0905710514804352,0.04998883,0.01439834,0.00177542
0.784,0.04996652283077944,0.0870071200728863,0.03963065,0.01081309,0.00292023
0.785,0.04961992816013227,0.08735545869161221,0.03135751,0.00796206,0.00310456
0.786,0.049274537741332405,0.08742822910360037,0.04218735,0.01162503,0.0027447
0.787,0.04893034741875335,0.08765741743541235,0.04283087,0.0118347,0.0026271
0.788,0.04858735308008915,0.087887892262808,0.04307163,0.01190419,0.00252279
0.789,0.04824555065601251,0.08812278282031652,0.04287114,0.01184324,0.00236579
0.79,0.04790493611984015,0.08835435728689564,0.04434686,0.01235437,0.00219189
0.791,0.04756550548720524,0.08508437060701204,0.03661337,0.0096699,0.00335848
0.792,0.04722725481573602,0.08542528374696101,0.03269032,0.00834749,0.00336424
0.793,0.04689018020474243,0.08551790298752346,0.04066586,0.01108795,0.00289473
0.794,0.04655427779490877,0.0859874573218512,0.03046395,0.00766252,0.00302041
0.795,0.04621954376799324,0.08596454875780132,0.04148161,0.01133265,0.0026875
0.796,0.04588597434653428,0.08658100525561842,0.05509195,0.01657568,0.00119227
0.797,0.04555356579356351,0.08642334615148232,0.04303336,0.01182817,0.00249511
0.798,0.045222314412325194,0.08364286174731443,0.02808696,0.00689367,0.0
0.799,0.04489221654600226,0.08354631180193375,0.04237653,0.01163261,0.00312533
0.8,0.04456326857744885,0.08383710472053726,0.0366319,0.00965837,0.00315958
0.801,0.0442354669289292,0.08399100723206686,0.04296299,0.01182386,0.00283955
0.802,0.04390880806186304,0.08421975961779188,0.04221008,0.01154948,0.00275418
0.803,0.0435832884765773,0.08475980892170684,0.05583978,0.01678965,0.00116951
0.804,0.04325890471206412,0.08155406203110588,0.03993547,0.01076023,0.00351454
0.805,0.0429356533457451,0.0818363091587978,0.03620945,0.0094962,0.00345524
0.806,0.04261353099324199,0.08203093601198098,0.03807497,0.01010694,0.00332507
0.807,0.04229253430815346,0.08219467578922474,0.04401347,0.01219375,0.00285121
0.808,0.04197265998183806,0.08263719040749393,0.03301341,0.00844945,0.00308479
0.809,0.041653904743203435,0.07992123915578953,0.031,0.00777118,0.00388559
0.81,0.041336265358501746,0.07994803936480424,0.03892472,0.01038776,0.00364522
0.811,0.0410197386311311,0.08020198809437279,0.03698614,0.00974615,0.00349102
0.812,0.040704321401443186,0.08077266797979384,0.028,0.00684584,0.00342292
0.813,0.04039001054655719,0.08061533326382168,0.03870143,0.01031809,0.00316288
0.814,0.0400768029801783,0.081115941487925,0.0571211,0.01730135,0.00114658
0.815,0.039764695652428426,0.07824156040374625,0.04364806,0.01211599,0.00334571
0.816,0.03945368554967105,0.07842851231127115,0.04397056,0.01217343,0.00329729
0.817,0.039143769694354506,0.07902030729403695,0.02915385,0.00718926,0.00359463
0.818,0.03883494514485491,0.07913763379472234,0.05627714,0.01694578,0.00153483
0.819,0.03852720899532655,0.0790476551180527,0.04543634,0.01269087,0.00269521
0.82,0.03822055837555839,0.07666414424456552,0.04145094,0.01126495,0.00370479
0.821,0.03791499045083679,0.07715591681273884,0.0308518519,0.00770831728,2.98837322e-19
0.822,0.03761050242181425,0.0774330732294802,0.02985185,0.007397,0.0036985
0.823,0.03730709152438444,0.07771861689212026,0.0288518519,0.00708930697,2.04303108e-13
0.824,0.03700475502956336,0.07517648177075134,0.03369249,0.00860808,0.00420999
0.825,0.0367034902433767,0.07545194922441979,0.0321428571,0.0081094505,9.66322137e-12
0.826,0.036403294506753475,0.07540669302610745,0.04471867,0.01243105,0.00330434
0.827,0.036104165195425995,0.0756184017380335,0.04769255,0.01355939,0.00276022
0.828,0.03580609971983599,0.07627575570752379,0.0291428571,0.00717221465,4.54579388e-12
0.829,0.03550909552504724,0.07382039544275999,0.04982083,0.01429258,0.00343714
0.83,0.03521315009066453,0.07391953620378262,0.04906165,0.01411146,0.00285405
0.831,0.0349182609307591,0.07405984232217011,0.04535517,0.01267559,0.00312893
0.832,0.034624425593800474,0.07425208846042039,0.04527158,0.01264368,0.00293863
0.833,0.034331641662594975,0.07225831572563415,0.04450072,0.01240909,0.00355303
0.834,0.03403990675423082,0.07244489334595529,0.04613595,0.01300398,0.00321703
0.835,0.03374921852002975,0.07262141901331845,0.04533681,0.01267593,0.00316863
0.836,0.033459574645505676,0.07281022503665141,0.04671728,0.01319083,0.00281622
0.837,0.03317097285032983,0.07096820524988864,0.04824351,0.01384567,0.00312595
0.838,0.03288341088830298,0.07131197434369516,0.0538794,0.01608338,0.00214428
0.839,0.03259688654733471,0.07127769812087105,0.04530132,0.01266717,0.00316887
0.84,0.032311397649429516,0.07146150441990454,0.04545528,0.0127297,0.0029223
0.841,0.032026942050680234,0.06987842157783909,0.034,0.00869478798,1.40493975e-11
0.842,0.03174351764126872,0.06997534267431221,0.0521315,0.01538081,0.002324
0.843,0.03146112234547376,0.07011469814988142,0.05088585,0.0149016,0.00221717
0.844,0.031179754121686633,0.06849949244691055,0.0347878788,0.00895307648,9.1835563e-12
0.845,0.030899410962434058,0.06866255854268287,0.05283478,0.01568526,0.0023234
0.846,0.030620090894409008,0.06866663688280789,0.04519991,0.01265697,0.00319612
0.847,0.030341791978509274,0.06889345520428344,0.05056657,0.01473997,0.00222969
0.848,0.030064512309884,0.06737532683853664,0.05178265,0.01530851,0.00247038
0.849,0.029788250017988353,0.06753814405582985,0.05138433,0.01517811,0.00220871
0.85,0.02951300326664641,0.06767078658188143,0.05205405,0.01538041,0.00199155
0.851,0.029238770254122633,0.06623348575222823,0.0347142857,0.00893121094,1.35872261e-16
0.852,0.028965549213201474,0.06638750272085929,0.05281859,0.01577769,0.00200405
0.853,0.02869333841127632,0.06645527163770873,0.05155093,0.01520244,0.00206099
0.854,0.028422136150446985,0.06509978660163532,0.0348888889,0.008991511,2.48508413e-12
0.855,0.02815194076762639,0.06533305000778383,0.0338888889,0.00866129907,3.9692423e-17
0.856,0.027882750634656627,0.06557623912237168,0.0328888889,0.0083353573,7.25541134e-17
0.857,0.02761456415843452,0.06403705717499658,0.0348818587,0.00899239728,1.13448667e-06
0.858,0.027347379781046895,0.06426818859631603,0.0338918919,0.00866471727,1.73119639e-14
0.859,0.02708119597991591,0.0642349172534376,0.05040093,0.0148295,0.00201727
0.86,0.02681601126795438,0.06303956405148506,0.0347283249,0.00894495985,9.9730675e-07
0.861,0.026551824193732428,0.06296956341682103,0.04552341,0.01282434,0.00318362
0.862,0.026288633341652816,0.06188239116354089,0.0354285311,0.00918435596,1.76723213e-06
0.863,0.026026437332139954,0.062103655307689506,0.0344358974,0.00885169617,2.0387179e-13
0.864,0.02576523482183827,0.062336367642734286,0.0334358974,0.00852125831,2.69732144e-14
0.865,0.02550502450382286,0.06100241300012185,0.035,0.0090452367,5.08462022e-13
0.866,0.025245805107821997,0.0612277665014257,0.0339899086,0.00870803296,1.71675686e-06
0.867,0.024987575400451857,0.05996152483101777,0.0354302696,0.00919648696,1.70890947e-06
0.868,0.02473033418546379,0.0601787162053592,0.0344390244,0.00886250816,1.85225709e-20
0.869,0.024474080304004636,0.06040752400321979,0.0334390244,0.00853037962,1.98155367e-16
0.87,0.024218812634890258,0.05918602467344985,0.0347614906,0.008976627,2.05364148e-08
0.871,0.023964530094892855,0.05940912610461242,0.0337619048,0.00864218108,1.56528892e-21
0.872,0.023711231639042492,0.05803809046148871,0.04183377,0.01153179,0.00373819
0.873,0.023458916260943038,0.058165792097954555,0.04441163,0.01252467,0.00306726
0.874,0.023207582993103323,0.057217088397444715,0.03863803,0.01036095,0.00416924
0.875,0.022957230907283705,0.057302853766920514,0.04133569,0.01136119,0.00353634
0.876,0.02270785911485874,0.05647288696822475,0.0357287,0.00933297,0.00449477
0.877,0.022459466767196304,0.05652179770887501,0.03851323,0.01033154,0.00390131
0.878,0.02221205305605393,0.0554940635405826,0.04287163,0.0119922,0.00351065
0.879,0.021965617213992768,0.05580537324450362,0.0359741,0.00943406,0.0041765
0.88,0.02172015851480987,0.05492126263489511,0.03489362,0.00905908,0.00452954
0.881,0.021475676273989403,0.05485405810777189,0.04371646,0.01237333,0.00292235
0.882,0.021232169849172998,0.0539794185822222,0.04281249,0.01202898,0.00331078
0.883,0.020989638640652952,0.05418405380856122,0.03828484,0.01029059,0.00376033
0.884,0.020748082091881125,0.0534893300808891,0.0343602231,0.00889390867,1.40053979e-06
0.885,0.020507499690005378,0.05369922975806495,0.0333673429,0.00855621854,6.04727235e-17
0.886,0.020267890966425617,0.05259727710543778,0.04150638,0.01152206,0.00342353
0.887,0.020029255497374023,0.052699886159363926,0.04275712,0.01205711,0.00273835
0.888,0.019791592904519706,0.05192979650559052,0.04293617,0.01213099,0.00293899
0.889,0.019554902855598712,0.05128091348129302,0.04047464,0.01132387,0.00322558
0.89,0.01931918506507047,0.0515899474806595,0.0330767234,0.00848230803,2.52641508e-08
0.891,0.019084439294801626,0.05080995410857386,0.0335269667,0.00864507403,3.93300228e-10
0.892,0.01885066535477845,0.0500630223513686,0.033923991,0.00879183106,3.58309677e-07
0.893,0.01861786310384898,0.05026421402939779,0.0329259252,0.00844849343,4.75494594e-16
0.894,0.018386032450496123,0.04931728780612606,0.03854859,0.0105095,0.00349384
0.895,0.018155173353643025,0.04865030883590998,0.0409554,0.01147169,0.00317663
0.896,0.017925285823492076,0.04876752089733733,0.04208781,0.0119427,0.00258836
0.897,0.017696369922399046,0.04837397523913096,0.0328180249,0.00843984895,2.11377818e-06
0.898,0.017468425765783818,0.047726515671296425,0.0330207405,0.00852007965,2.67999171e-06
0.899,0.017241453523079424,0.04766645469974968,0.03713864,0.01001276,0.00336996
0.9,0.017015453418721,0.04711527235201778,0.03549046,0.00944097,0.00359454
0.901,0.01679042573317659,0.046566576828005656,0.03453515,0.00908972,0.00382703
0.902,0.01656637080402159,0.045894827382998764,0.03767274,0.01028592,0.00327162
0.903,0.016343289027058974,0.045550067114445494,0.0324762947,0.0083733255,2.07893985e-06
0.904,0.01612118085748741,0.04500747597801852,0.03250794,0.00839558,0.00419779
0.905,0.01590004681111954,0.0451058685753447,0.0329285,0.00855069,0.00381168
0.906,0.01567988746565284,0.044673532253192934,0.0314993283,0.00805494932,1.6052943e-07
0.907,0.015460703461995668,0.044164665000149206,0.03146154,0.00805205,0.00402603
0.908,0.01524249550565119,0.04367328385284851,0.03139394,0.00803862,0.00401931
0.909,0.015025264368162074,0.043198152809911856,0.0312959614,0.00801541471,3.94652384e-07
0.91,0.01480901088861894,0.042738589420766165,0.0311760065,0.00798438528,6.42099689e-12
0.911,0.014593735975236811,0.042109835521523,0.03835315,0.01079762,0.00253396
0.912,0.014379440606999958,0.04167243864258103,0.03778014,0.0105445,0.00254697
0.913,0.014166125835384086,0.0412299110221893,0.0362638,0.00999004,0.00279145
0.914,0.013953792786154582,0.0408219253370803,0.03517333,0.00955371,0.00298369
0.915,0.013742442661248161,0.04065490935052602,0.0302053388,0.00769850278,1.11448387e-08
0.916,0.013532076740741413,0.04006064347324459,0.036414,0.01014374,0.00243919
0.917,0.013322696384911186,0.03922167200688508,0.0338235,0.00909685,0.00323196
0.918,0.013114303036391974,0.03888056228570766,0.03556836,0.00984889,0.00270744
0.919,0.012906898222435762,0.03853250623503347,0.03280633,0.00873507,0.00319689
0.92,0.012700483557280318,0.038376774176162254,0.0293669121,0.00746811669,2.18853107e-09
0.921,0.012495060744632136,0.03758426014421576,0.0355688,0.00997848,0.00260329
0.922,0.012290631580270902,0.03714077356303719,0.03402536,0.00932238,0.00273247
0.923,0.012087197954782672,0.03700657968497746,0.0288071551,0.00731335394,1.63080064e-10
0.924,0.011884761856429648,0.03629015295419959,0.0289387247,0.00738239364,5.02709139e-07
0.925,0.011683325374164878,0.03602999123082452,0.0284883455,0.00723245281,2.40174903e-10
0.926,0.01148289070080095,0.03536453175485213,0.02854545,0.00727537,0.00363768
0.927,0.011283460136342446,0.035127069712981594,0.0280555765,0.00711077808,1.57780164e-07
0.928,0.011085036091492596,0.03450687757566908,0.02804396,0.00712868,0.00356434
0.929,0.010887621091345473,0.03429113620497341,0.0275199494,0.00695171066,4.06008704e-07
0.93,0.010691217779275885,0.03371142708667121,0.02744681,0.00694678,0.00347339
0.931,0.01049582892104108,0.03316007524622203,0.0273303706,0.00692689596,1.43915674e-06
0.932,0.010301457409106098,0.032631873124073084,0.0271831875,0.00689563361,1.87057415e-07
0.933,0.010108106267211946,0.032418037280538034,0.02862957,0.00746126,0.00304559
0.934,0.009915778655200533,0.03196271937590746,0.0263805213,0.00663730811,4.4427728e-06
0.935,0.009724477874115933,0.03148833786400971,0.02616664,0.0065808,0.00329002
0.936,0.009534207371601763,0.03093347713678003,0.0291757,0.00773973,0.00245811
0.937,0.009344970747616282,0.030316212827396164,0.0259472703,0.00655469649,3.94537789e-06
0.938,0.009156771760489043,0.029922904893000236,0.0253796732,0.00636972049,7.55289089e-05
0.939,0.00896961433334474,0.029441700678492028,0.02765836,0.0072955,0.00263528
0.94,0.008783502560922944,0.029050216071807498,0.0269128,0.00702014,0.00265403
0.941,0.008598440716824233,0.028532970291377063,0.02481197,0.0062316,0.0031158
0.942,0.008414433261217052,0.028193074457805556,0.02438655,0.00609488,0.00304744
0.943,0.008231484849042526,0.027637852408738086,0.02421311,0.00606124,0.00303062
0.944,0.008049600338758277,0.02711323905303798,0.0239832078,0.00600671935,5.25998166e-06
0.945,0.00786878480166656,0.026613760554652244,0.023748047,0.00594961955,5.61553633e-07
0.946,0.007689043531876669,0.02613945829541124,0.0234651485,0.00587398951,1.40017706e-07
0.947,0.007510382056956865,0.02568973745776362,0.0231465688,0.00578519382,4.02280275e-08
0.948,0.0073328061493370365,0.025258029503402054,0.0227933862,0.0056808976,2.20721167e-06
0.949,0.007156321838530021,0.02482151505383892,0.02372027,0.00609801,0.00247125
0.95,0.006980935424247158,0.02429049163394401,0.0222211131,0.00553190424,3.20851545e-07
0.951,0.006806653490492199,0.02389777007102362,0.02264648,0.00573922,0.00249718
0.952,0.006633482920727595,0.023417436424254846,0.021503864,0.00532414714,2.16969371e-06
0.953,0.006461430914218325,0.022941683078794083,0.0211902213,0.00524097235,1.13427191e-06
0.954,0.006290505003671206,0.022490501297261812,0.02084277,0.00514383,0.00257192
0.955,0.0061207130743022985,0.021938965138657198,0.02060976,0.00510079,0.00255039
0.956,0.005952063384481842,0.02142340405190375,0.0203000082,0.00502676252,1.31074491e-05
0.957,0.005784564588125544,0.021045409625905648,0.01987863,0.00486681,0.0024334
0.958,0.005618225759023519,0.02057483099781362,0.0194755558,0.00477986925,2.18572119e-05
0.959,0.005453056417324145,0.020040137255690624,0.01926087,0.00475089,0.00237544
0.96,0.005289066558420417,0.019540553276270294,0.0189429822,0.00463518071,1.82249679e-06
0.961,0.005126266684521734,0.01907103356029851,0.0185809724,0.004570135,5.43214624e-06
0.962,0.004964667839235448,0.018609177244766236,0.01777015,0.00429888,0.00017634
0.963,0.004804281645531699,0.018117821545887605,0.01719284,0.00411954,0.00029147
0.964,0.00464512034752136,0.017641249099167148,0.01697678,0.00408372,0.00021304
0.965,0.004487196856547714,0.017208590384596503,0.01651285,0.00395595,0.00021088
0.966,0.0043305248021713585,0.01673008845325418,0.01602467,0.00380324,0.00029736
0.967,0.0041751185887271775,0.016214365038912323,0.01565914,0.00371562,0.00029027
0.968,0.004020993458249068,0.015747510498338647,0.01526474,0.00361068,0.0003053
0.969,0.0038681655607003527,0.015249543636040589,0.01474725,0.00346016,0.00035207
0.97,0.0037166520326207264,0.01474947809737535,0.01442434,0.00339462,0.00033553
0.971,0.0035664710855123345,0.014286315749654494,0.01404767,0.00330226,0.00032129
0.972,0.0034176421055481564,0.013801214142178901,0.01337698,0.00308439,0.00043297
0.973,0.003270185766509347,0.013322279696520088,0.0129341,0.00296636,0.00044235
0.974,0.0031241241582617113,0.012811698147641255,0.01244953,0.00283709,0.00048185
0.975,0.0029794809335897277,0.012344134020450365,0.01197882,0.00270908,0.00049127
0.976,0.0028362814768511445,0.011854375405472439,0.01154759,0.00259799,0.00050373
0.977,0.0026945530987403927,0.01137519412837303,0.0122130191,0.00251611843,1.56322051e-05
0.978,0.002554325262515471,0.010876516598726583,0.01062311,0.00235696,0.00053366
0.979,0.002415629848435197,0.010399325868132275,0.01022556,0.00226358,0.00051478
0.98,0.0022785014649917557,0.009909048056893731,0.0097771,0.00215286,0.00051792
0.981,0.0021429778179794822,0.009411898705879232,0.00925196,0.00201123,0.00054883
0.982,0.00200910015176604,0.008922349888275973,0.00875739,0.00188152,0.00056218
0.983,0.0018769137817005765,0.008436601865639798,0.00866571,0.00177613,0.00038853
0.984,0.0017464687429689897,0.007952026717105825,0.00901629642,0.00167364092,1.45035936e-06
0.985,0.0016178205902647265,0.007441554290751505,0.0074246,0.00152878,0.00052398
0.986,0.0014910313957664676,0.006965626069519978,0.00803875,0.00143919,0.0007196
0.987,0.001366171012349531,0.006462213466559187,0.00637747,0.00130313,0.00055091
0.988,0.001243318698466983,0.005973565483825347,0.00703106,0.00120458,0.00060229
0.989,0.0011225652472221174,0.005475829124364261,0.00550235,0.00108936,0.00048767
